ip,status,bytes_sent,hour,day_of_week,is_night,is_api_call,is_admin_call,endpoint_length,is_error,is_success,is_redirect,ua_length,ua_is_missing,ua_has_bot_like_keyword,ua_has_browser_keyword,referrer_is_missing,referrer_is_internal,ml_pred,final_prediction
45.156.87.165,404,162,4,2,1,0,0,106,1,0,0,37,0,0,1,1,0,1,1
27.34.66.95,200,601,4,2,1,0,0,9,0,1,0,111,0,0,1,1,0,1,1
27.34.66.95,200,336,4,2,1,0,0,23,0,1,0,111,0,0,1,0,0,0,0
27.34.66.95,200,1427,4,2,1,0,0,29,0,1,0,111,0,0,1,0,0,0,0
27.34.66.95,200,586,4,2,1,0,0,22,0,1,0,111,0,0,1,0,0,0,0
27.34.66.95,200,18052,4,2,1,0,0,11,0,1,0,111,0,0,1,0,0,0,0
27.34.66.95,200,2404787,4,2,1,0,0,27,0,1,0,111,0,0,1,0,0,0,0
27.34.66.95,200,663820,4,2,1,0,0,33,0,1,0,111,0,0,1,0,0,0,0
27.34.66.95,403,65,4,2,1,1,0,15,1,0,0,111,0,0,1,1,0,1,1
27.34.66.95,200,16066,4,2,1,0,0,18,0,1,0,111,0,0,1,0,0,0,0
27.34.66.95,200,67,4,2,1,1,0,13,0,1,0,111,0,0,1,1,0,1,1
27.34.66.95,200,325914,4,2,1,0,0,59,0,1,0,111,0,0,1,0,0,0,0
27.34.66.95,200,102868,4,2,1,0,0,52,0,1,0,111,0,0,1,0,0,0,0
27.34.66.95,200,106140,4,2,1,0,0,51,0,1,0,111,0,0,1,0,0,0,0
27.34.66.95,200,98868,4,2,1,0,0,54,0,1,0,111,0,0,1,0,0,0,0
27.34.66.95,200,104332,4,2,1,0,0,52,0,1,0,111,0,0,1,0,0,0,0
27.34.66.95,200,980,4,2,1,0,0,14,0,1,0,111,0,0,1,0,0,0,0
27.34.66.95,206,2375153,4,2,1,0,0,46,0,1,0,111,0,0,1,0,0,0,0
27.34.66.95,206,34503,4,2,1,0,0,46,0,1,0,111,0,0,1,0,0,0,0
27.34.66.95,206,3770055,4,2,1,0,0,46,0,1,0,111,0,0,1,0,0,0,0
27.34.66.95,401,28,4,2,1,1,0,13,1,0,0,111,0,0,1,1,0,1,1
27.34.66.95,204,0,4,2,1,1,0,13,0,1,0,111,0,0,1,1,0,1,1
27.34.66.95,200,67,4,2,1,1,0,13,0,1,0,111,0,0,1,1,0,1,1
27.34.66.95,200,2145,4,2,1,1,0,15,0,1,0,111,0,0,1,1,0,1,1
27.34.66.95,200,329,4,2,1,1,0,15,0,1,0,111,0,0,1,1,0,1,1
27.34.66.95,200,329,4,2,1,1,0,15,0,1,0,111,0,0,1,1,0,1,1
27.34.66.95,200,74190,4,2,1,0,0,31,0,1,0,111,0,0,1,0,0,0,0
27.34.66.95,200,64502,4,2,1,0,0,32,0,1,0,111,0,0,1,0,0,0,0
27.34.66.95,200,509371,4,2,1,0,0,32,0,1,0,111,0,0,1,0,0,0,0
27.34.66.95,200,3,4,2,1,1,0,34,0,1,0,111,0,0,1,1,0,1,1
27.34.66.95,200,24,4,2,1,1,0,39,0,1,0,111,0,0,1,1,0,1,1
27.34.66.95,200,473,4,2,1,1,0,28,0,1,0,111,0,0,1,1,0,1,1
27.34.66.95,200,473,4,2,1,1,0,28,0,1,0,111,0,0,1,1,0,1,1
27.34.66.95,200,473,4,2,1,1,0,28,0,1,0,111,0,0,1,1,0,1,1
27.34.66.95,200,3,4,2,1,1,0,33,0,1,0,111,0,0,1,1,0,1,1
27.34.66.95,200,24,4,2,1,1,0,38,0,1,0,111,0,0,1,1,0,1,1
27.34.66.95,200,119,4,2,1,1,0,27,0,1,0,111,0,0,1,1,0,1,1
27.34.66.95,200,3,4,2,1,1,0,34,0,1,0,111,0,0,1,1,0,1,1
27.34.66.95,200,24,4,2,1,1,0,39,0,1,0,111,0,0,1,1,0,1,1
27.34.66.95,200,473,4,2,1,1,0,28,0,1,0,111,0,0,1,1,0,1,1
27.34.66.95,200,3,4,2,1,1,0,33,0,1,0,111,0,0,1,1,0,1,1
27.34.66.95,200,24,4,2,1,1,0,38,0,1,0,111,0,0,1,1,0,1,1
27.34.66.95,200,119,4,2,1,1,0,27,0,1,0,111,0,0,1,1,0,1,1
27.34.66.95,200,3,4,2,1,1,0,34,0,1,0,111,0,0,1,1,0,1,1
27.34.66.95,200,24,4,2,1,1,0,39,0,1,0,111,0,0,1,1,0,1,1
27.34.66.95,200,473,4,2,1,1,0,28,0,1,0,111,0,0,1,1,0,1,1
113.199.229.4,200,601,4,2,1,0,0,6,0,1,0,125,0,0,1,1,0,1,1
113.199.229.4,200,336,4,2,1,0,0,23,0,1,0,125,0,0,1,0,0,0,0
113.199.229.4,200,1427,4,2,1,0,0,29,0,1,0,125,0,0,1,0,0,0,0
113.199.229.4,200,586,4,2,1,0,0,22,0,1,0,125,0,0,1,0,0,0,0
113.199.229.4,200,18052,4,2,1,0,0,11,0,1,0,125,0,0,1,0,0,0,0
113.199.229.4,200,663820,4,2,1,0,0,33,0,1,0,125,0,0,1,0,0,0,0
113.199.229.4,200,2404787,4,2,1,0,0,27,0,1,0,125,0,0,1,0,0,0,0
113.199.229.4,200,980,4,2,1,0,0,14,0,1,0,125,0,0,1,0,0,0,0
113.199.229.4,200,102868,4,2,1,0,0,52,0,1,0,125,0,0,1,0,0,0,0
113.199.229.4,200,104332,4,2,1,0,0,52,0,1,0,125,0,0,1,0,0,0,0
113.199.229.4,200,106140,4,2,1,0,0,51,0,1,0,125,0,0,1,0,0,0,0
113.199.229.4,200,98868,4,2,1,0,0,54,0,1,0,125,0,0,1,0,0,0,0
113.199.229.4,200,16066,4,2,1,0,0,18,0,1,0,125,0,0,1,0,0,0,0
27.34.66.95,200,173,4,2,1,1,0,72,0,1,0,111,0,0,1,1,0,1,1
113.199.229.4,200,67,4,2,1,1,0,13,0,1,0,125,0,0,1,1,0,1,1
27.34.66.95,200,24,4,2,1,1,0,39,0,1,0,111,0,0,1,1,0,1,1
27.34.66.95,200,51,4,2,1,1,0,77,0,1,0,111,0,0,1,1,0,1,1
113.199.229.4,200,325914,4,2,1,0,0,59,0,1,0,125,0,0,1,0,0,0,0
113.199.229.4,206,34503,4,2,1,0,0,46,0,1,0,125,0,0,1,0,0,0,0
113.199.229.4,206,638449,4,2,1,0,0,46,0,1,0,125,0,0,1,0,0,0,0
113.199.229.4,206,3770055,4,2,1,0,0,46,0,1,0,125,0,0,1,0,0,0,0
27.34.66.95,200,601,4,2,1,0,0,31,0,1,0,111,0,0,1,1,0,1,1
27.34.66.95,101,1005,4,2,1,0,0,17,0,0,0,111,0,0,1,1,0,1,1
27.34.66.95,200,336,4,2,1,0,0,23,0,1,0,111,0,0,1,0,0,0,0
27.34.66.95,200,586,4,2,1,0,0,22,0,1,0,111,0,0,1,0,0,0,0
27.34.66.95,200,1427,4,2,1,0,0,29,0,1,0,111,0,0,1,0,0,0,0
27.34.66.95,200,18052,4,2,1,0,0,11,0,1,0,111,0,0,1,0,0,0,0
27.34.66.95,200,663820,4,2,1,0,0,33,0,1,0,111,0,0,1,0,0,0,0
27.34.66.95,200,1244704,4,2,1,0,0,27,0,1,0,111,0,0,1,0,0,0,0
35.233.68.216,200,601,4,2,1,0,0,1,0,1,0,22,0,1,0,1,0,1,1
113.199.229.4,206,1148615,4,2,1,0,0,46,0,1,0,125,0,0,1,0,0,0,0
196.251.114.43,200,601,4,2,1,0,0,12,0,1,0,132,0,0,1,1,0,1,1
203.202.242.20,400,166,4,2,1,0,0,65,1,0,0,1,1,0,0,1,0,1,1
203.202.242.20,400,166,4,2,1,0,0,120,1,0,0,1,1,0,0,1,0,1,1
203.202.242.20,404,162,4,2,1,0,0,76,1,0,0,15,0,0,0,1,0,1,1
203.202.242.20,404,162,4,2,1,0,0,65,1,0,0,15,0,0,0,1,0,1,1
203.202.242.20,404,162,4,2,1,0,0,51,1,0,0,15,0,0,0,1,0,1,1
203.202.242.20,404,162,4,2,1,0,0,47,1,0,0,15,0,0,0,1,0,1,1
203.202.242.20,404,162,4,2,1,0,0,43,1,0,0,15,0,0,0,1,0,1,1
203.202.242.20,404,162,4,2,1,0,0,39,1,0,0,15,0,0,0,1,0,1,1
203.202.242.20,404,162,4,2,1,0,0,46,1,0,0,15,0,0,0,1,0,1,1
203.202.242.20,404,162,4,2,1,0,0,58,1,0,0,15,0,0,0,1,0,1,1
203.202.242.20,404,162,4,2,1,0,0,44,1,0,0,15,0,0,0,1,0,1,1
203.202.242.20,404,162,4,2,1,0,0,40,1,0,0,15,0,0,0,1,0,1,1
203.202.242.20,404,162,4,2,1,0,0,36,1,0,0,15,0,0,0,1,0,1,1
203.202.242.20,404,162,4,2,1,0,0,32,1,0,0,15,0,0,0,1,0,1,1
203.202.242.20,404,162,4,2,1,0,0,48,1,0,0,15,0,0,0,1,0,1,1
203.202.242.20,404,162,4,2,1,0,0,44,1,0,0,15,0,0,0,1,0,1,1
203.202.242.20,404,162,4,2,1,0,0,40,1,0,0,15,0,0,0,1,0,1,1
203.202.242.20,404,162,4,2,1,0,0,36,1,0,0,15,0,0,0,1,0,1,1
203.202.242.20,404,162,4,2,1,0,0,55,1,0,0,15,0,0,0,1,0,1,1
203.202.242.20,404,162,4,2,1,0,0,59,1,0,0,15,0,0,0,1,0,1,1
203.202.242.20,404,162,4,2,1,0,0,55,1,0,0,15,0,0,0,1,0,1,1
203.202.242.20,404,162,4,2,1,0,0,54,1,0,0,15,0,0,0,1,0,1,1
203.202.242.20,404,162,4,2,1,0,0,55,1,0,0,15,0,0,0,1,0,1,1
203.202.242.20,404,162,4,2,1,0,0,56,1,0,0,15,0,0,0,1,0,1,1
203.202.242.20,404,162,4,2,1,0,0,57,1,0,0,15,0,0,0,1,0,1,1
203.202.242.20,404,162,4,2,1,0,0,54,1,0,0,15,0,0,0,1,0,1,1
203.202.242.20,404,162,4,2,1,0,0,57,1,0,0,15,0,0,0,1,0,1,1
203.202.242.20,404,162,4,2,1,0,0,56,1,0,0,15,0,0,0,1,0,1,1
203.202.242.20,404,162,4,2,1,0,0,59,1,0,0,15,0,0,0,1,0,1,1
203.202.242.20,404,162,4,2,1,1,0,55,1,0,0,15,0,0,0,1,0,1,1
203.202.242.20,404,162,4,2,1,0,0,56,1,0,0,15,0,0,0,1,0,1,1
203.202.242.20,404,162,4,2,1,0,0,55,1,0,0,15,0,0,0,1,0,1,1
203.202.242.20,404,162,4,2,1,0,0,55,1,0,0,15,0,0,0,1,0,1,1
203.202.242.20,404,162,4,2,1,0,1,57,1,0,0,15,0,0,0,1,0,1,1
203.202.242.20,404,162,4,2,1,0,0,58,1,0,0,15,0,0,0,1,0,1,1
203.202.242.20,404,162,4,2,1,0,0,56,1,0,0,15,0,0,0,1,0,1,1
203.202.242.20,404,162,4,2,1,0,0,68,1,0,0,15,0,0,0,1,0,1,1
203.202.242.20,404,162,4,2,1,0,0,57,1,0,0,15,0,0,0,1,0,1,1
203.202.242.20,404,162,4,2,1,0,0,58,1,0,0,15,0,0,0,1,0,1,1
203.202.242.20,404,162,4,2,1,0,0,56,1,0,0,15,0,0,0,1,0,1,1
203.202.242.20,404,162,4,2,1,0,0,55,1,0,0,15,0,0,0,1,0,1,1
203.202.242.20,404,162,4,2,1,0,0,109,1,0,0,15,0,0,0,1,0,1,1
203.202.242.20,404,162,4,2,1,0,0,116,1,0,0,15,0,0,0,1,0,1,1
203.202.242.20,404,162,4,2,1,0,0,126,1,0,0,15,0,0,0,1,0,1,1
203.202.242.20,404,162,4,2,1,0,0,50,1,0,0,15,0,0,0,1,0,1,1
203.202.242.20,404,162,4,2,1,0,0,16,1,0,0,15,0,0,0,1,0,1,1
201.20.85.123,404,162,4,2,1,0,0,1,1,0,0,139,0,0,1,1,0,1,1
91.224.92.14,404,196,5,2,1,0,0,1,1,0,0,130,0,0,1,1,0,1,1
91.224.92.17,404,162,5,2,1,0,0,1,1,0,0,1,1,0,0,1,0,1,1
113.199.229.4,200,601,5,2,1,0,0,6,0,1,0,125,0,0,1,1,0,1,1
113.199.229.4,200,336,5,2,1,0,0,23,0,1,0,125,0,0,1,0,0,0,0
113.199.229.4,200,1427,5,2,1,0,0,29,0,1,0,125,0,0,1,0,0,0,0
113.199.229.4,200,586,5,2,1,0,0,22,0,1,0,125,0,0,1,0,0,0,0
113.199.229.4,200,663820,5,2,1,0,0,33,0,1,0,125,0,0,1,0,0,0,0
113.199.229.4,200,18052,5,2,1,0,0,11,0,1,0,125,0,0,1,0,0,0,0
113.199.229.4,200,2404787,5,2,1,0,0,27,0,1,0,125,0,0,1,0,0,0,0
113.199.229.4,200,325914,5,2,1,0,0,59,0,1,0,125,0,0,1,0,0,0,0
113.199.229.4,200,102868,5,2,1,0,0,52,0,1,0,125,0,0,1,0,0,0,0
113.199.229.4,200,104332,5,2,1,0,0,52,0,1,0,125,0,0,1,0,0,0,0
113.199.229.4,200,98868,5,2,1,0,0,54,0,1,0,125,0,0,1,0,0,0,0
113.199.229.4,200,106140,5,2,1,0,0,51,0,1,0,125,0,0,1,0,0,0,0
113.199.229.4,200,67,5,2,1,1,0,13,0,1,0,125,0,0,1,1,0,1,1
113.199.229.4,200,980,5,2,1,0,0,14,0,1,0,125,0,0,1,0,0,0,0
113.199.229.4,206,1555953,5,2,1,0,0,46,0,1,0,125,0,0,1,0,0,0,0
113.199.229.4,206,34503,5,2,1,0,0,46,0,1,0,125,0,0,1,0,0,0,0
113.199.229.4,206,3770055,5,2,1,0,0,46,0,1,0,125,0,0,1,0,0,0,0
113.199.229.4,401,28,5,2,1,1,0,13,1,0,0,125,0,0,1,1,0,1,1
113.199.229.4,204,0,5,2,1,1,0,13,0,1,0,125,0,0,1,1,0,1,1
113.199.229.4,200,67,5,2,1,1,0,13,0,1,0,125,0,0,1,1,0,1,1
113.199.229.4,200,2122,5,2,1,1,0,15,0,1,0,125,0,0,1,1,0,1,1
113.199.229.4,200,329,5,2,1,1,0,15,0,1,0,125,0,0,1,1,0,1,1
113.199.229.4,200,329,5,2,1,1,0,15,0,1,0,125,0,0,1,1,0,1,1
113.199.229.4,200,64502,5,2,1,0,0,32,0,1,0,125,0,0,1,0,0,0,0
113.199.229.4,200,509371,5,2,1,0,0,32,0,1,0,125,0,0,1,0,0,0,0
113.199.229.4,200,74190,5,2,1,0,0,31,0,1,0,125,0,0,1,0,0,0,0
113.199.229.4,200,3,5,2,1,1,0,34,0,1,0,125,0,0,1,1,0,1,1
113.199.229.4,200,24,5,2,1,1,0,39,0,1,0,125,0,0,1,1,0,1,1
113.199.229.4,200,473,5,2,1,1,0,28,0,1,0,125,0,0,1,1,0,1,1
113.199.229.4,200,473,5,2,1,1,0,28,0,1,0,125,0,0,1,1,0,1,1
113.199.229.4,200,473,5,2,1,1,0,28,0,1,0,125,0,0,1,1,0,1,1
113.199.229.4,200,973,5,2,1,1,0,73,0,1,0,125,0,0,1,1,0,1,1
113.199.229.4,200,473,5,2,1,1,0,28,0,1,0,125,0,0,1,1,0,1,1
113.199.229.4,200,24,5,2,1,1,0,39,0,1,0,125,0,0,1,1,0,1,1
113.199.229.4,200,24,5,2,1,1,0,39,0,1,0,125,0,0,1,1,0,1,1
113.199.229.4,200,473,5,2,1,1,0,28,0,1,0,125,0,0,1,1,0,1,1
113.199.229.4,200,24,5,2,1,1,0,39,0,1,0,125,0,0,1,1,0,1,1
113.199.229.4,200,473,5,2,1,1,0,28,0,1,0,125,0,0,1,1,0,1,1
113.199.229.4,200,473,5,2,1,1,0,28,0,1,0,125,0,0,1,1,0,1,1
113.199.229.4,200,24,5,2,1,1,0,39,0,1,0,125,0,0,1,1,0,1,1
113.199.229.4,200,473,5,2,1,1,0,28,0,1,0,125,0,0,1,1,0,1,1
113.199.229.4,200,24,5,2,1,1,0,39,0,1,0,125,0,0,1,1,0,1,1
113.199.229.4,200,473,5,2,1,1,0,28,0,1,0,125,0,0,1,1,0,1,1
113.199.229.4,200,24,5,2,1,1,0,39,0,1,0,125,0,0,1,1,0,1,1
113.199.229.4,200,473,5,2,1,1,0,28,0,1,0,125,0,0,1,1,0,1,1
113.199.229.4,200,24,5,2,1,1,0,39,0,1,0,125,0,0,1,1,0,1,1
113.199.229.4,500,104,5,2,1,1,0,102,1,0,0,125,0,0,1,1,0,1,1
113.199.229.4,200,2547,5,2,1,0,0,32,0,1,0,125,0,0,1,0,0,0,0
113.199.229.4,200,0,5,2,1,1,0,62,0,1,0,125,0,0,1,0,0,0,0
113.199.229.4,200,473,5,2,1,1,0,28,0,1,0,125,0,0,1,1,0,1,1
113.199.229.4,101,5749,5,2,1,0,0,17,0,0,0,125,0,0,1,1,0,1,1
113.199.229.4,200,601,5,2,1,0,0,32,0,1,0,125,0,0,1,1,0,1,1
113.199.229.4,101,4,5,2,1,0,0,17,0,0,0,125,0,0,1,1,0,1,1
113.199.229.4,200,336,5,2,1,0,0,23,0,1,0,125,0,0,1,0,0,0,0
113.199.229.4,200,1427,5,2,1,0,0,29,0,1,0,125,0,0,1,0,0,0,0
113.199.229.4,200,586,5,2,1,0,0,22,0,1,0,125,0,0,1,0,0,0,0
113.199.229.4,200,663820,5,2,1,0,0,33,0,1,0,125,0,0,1,0,0,0,0
113.199.229.4,200,18052,5,2,1,0,0,11,0,1,0,125,0,0,1,0,0,0,0
113.199.229.4,200,2404787,5,2,1,0,0,27,0,1,0,125,0,0,1,0,0,0,0
113.199.229.4,200,2142,5,2,1,1,0,15,0,1,0,125,0,0,1,1,0,1,1
113.199.229.4,200,16066,5,2,1,0,0,18,0,1,0,125,0,0,1,0,0,0,0
113.199.229.4,200,106140,5,2,1,0,0,51,0,1,0,125,0,0,1,0,0,0,0
113.199.229.4,200,98868,5,2,1,0,0,54,0,1,0,125,0,0,1,0,0,0,0
113.199.229.4,200,329,5,2,1,1,0,15,0,1,0,125,0,0,1,1,0,1,1
113.199.229.4,200,64502,5,2,1,0,0,32,0,1,0,125,0,0,1,0,0,0,0
113.199.229.4,200,509371,5,2,1,0,0,32,0,1,0,125,0,0,1,0,0,0,0
113.199.229.4,200,980,5,2,1,0,0,14,0,1,0,125,0,0,1,0,0,0,0
113.199.229.4,200,74190,5,2,1,0,0,31,0,1,0,125,0,0,1,0,0,0,0
113.199.229.4,200,3,5,2,1,1,0,34,0,1,0,125,0,0,1,1,0,1,1
113.199.229.4,200,473,5,2,1,1,0,28,0,1,0,125,0,0,1,1,0,1,1
113.199.229.4,200,24,5,2,1,1,0,39,0,1,0,125,0,0,1,1,0,1,1
113.199.229.4,200,473,5,2,1,1,0,28,0,1,0,125,0,0,1,1,0,1,1
113.199.229.4,200,473,5,2,1,1,0,28,0,1,0,125,0,0,1,1,0,1,1
113.199.229.4,101,148,5,2,1,0,0,17,0,0,0,125,0,0,1,1,0,1,1
113.199.229.4,101,0,5,2,1,0,0,17,0,0,0,125,0,0,1,1,0,1,1
113.199.229.4,101,0,5,2,1,0,0,17,0,0,0,125,0,0,1,1,0,1,1
113.199.229.4,101,0,5,2,1,0,0,17,0,0,0,125,0,0,1,1,0,1,1
113.199.229.4,101,0,5,2,1,0,0,17,0,0,0,125,0,0,1,1,0,1,1
113.199.229.4,101,0,5,2,1,0,0,17,0,0,0,125,0,0,1,1,0,1,1
113.199.229.4,101,0,5,2,1,0,0,17,0,0,0,125,0,0,1,1,0,1,1
113.199.229.4,101,0,5,2,1,0,0,17,0,0,0,125,0,0,1,1,0,1,1
113.199.229.4,101,0,5,2,1,0,0,17,0,0,0,125,0,0,1,1,0,1,1
113.199.229.4,101,0,5,2,1,0,0,17,0,0,0,125,0,0,1,1,0,1,1
113.199.229.4,101,0,5,2,1,0,0,17,0,0,0,125,0,0,1,1,0,1,1
113.199.229.4,101,0,5,2,1,0,0,17,0,0,0,125,0,0,1,1,0,1,1
113.199.229.4,101,0,5,2,1,0,0,17,0,0,0,125,0,0,1,1,0,1,1
113.199.229.4,101,0,5,2,1,0,0,17,0,0,0,125,0,0,1,1,0,1,1
45.156.87.165,404,162,5,2,1,0,0,10,1,0,0,37,0,0,1,1,0,1,1
113.199.229.4,101,0,5,2,1,0,0,17,0,0,0,125,0,0,1,1,0,1,1
113.199.229.4,101,0,5,2,1,0,0,17,0,0,0,125,0,0,1,1,0,1,1
198.235.24.239,200,601,5,2,1,0,0,1,0,1,0,140,0,0,0,1,0,1,1
113.199.229.4,101,0,5,2,1,0,0,17,0,0,0,125,0,0,1,1,0,1,1
113.199.229.4,101,0,5,2,1,0,0,17,0,0,0,125,0,0,1,1,0,1,1
113.199.229.4,101,0,5,2,1,0,0,17,0,0,0,125,0,0,1,1,0,1,1
113.199.229.4,101,0,5,2,1,0,0,17,0,0,0,125,0,0,1,1,0,1,1
113.199.229.4,101,0,5,2,1,0,0,17,0,0,0,125,0,0,1,1,0,1,1
113.199.229.4,101,0,5,2,1,0,0,17,0,0,0,125,0,0,1,1,0,1,1
91.230.168.246,200,1309,5,2,1,0,0,1,0,1,0,78,0,0,1,1,0,1,1
113.199.229.4,101,0,5,2,1,0,0,17,0,0,0,125,0,0,1,1,0,1,1
113.199.229.4,101,0,5,2,1,0,0,17,0,0,0,125,0,0,1,1,0,1,1
8.219.222.11,301,178,6,2,0,0,0,1,0,0,1,121,0,0,1,1,0,1,1
47.237.109.59,200,601,6,2,0,0,0,1,0,1,0,121,0,0,1,1,0,1,1
8.219.222.11,301,178,6,2,0,0,0,12,0,0,1,8,0,0,0,1,0,1,1
8.219.222.11,301,178,6,2,0,0,0,12,0,0,1,8,0,0,0,1,0,1,1
8.219.222.11,301,178,6,2,0,0,0,11,0,0,1,8,0,0,0,1,0,1,1
47.237.109.59,200,57,6,2,0,0,0,11,0,1,0,8,0,0,0,1,0,1,1
47.237.109.59,200,14906,6,2,0,0,0,18,0,1,0,8,0,0,0,1,0,1,1
47.237.109.59,200,1309,6,2,0,0,0,12,0,1,0,8,0,0,0,1,0,1,1
47.237.109.59,200,17029,6,2,0,0,0,18,0,1,0,8,0,0,0,1,0,1,1
47.237.109.59,200,16066,6,2,0,0,0,18,0,1,0,8,0,0,0,1,0,1,1
8.219.222.11,200,57,6,2,0,0,0,11,0,1,0,8,0,0,0,1,0,1,1
8.219.222.11,200,1309,6,2,0,0,0,12,0,1,0,8,0,0,0,1,0,1,1
8.219.222.11,200,1525,6,2,0,0,0,12,0,1,0,8,0,0,0,1,0,1,1
8.219.222.11,200,601,6,2,0,0,0,1,0,1,0,121,0,0,1,1,0,1,1
8.219.222.11,200,1309,6,2,0,0,0,12,0,1,0,8,0,0,0,1,0,1,1
8.219.222.11,200,17029,6,2,0,0,0,18,0,1,0,8,0,0,0,1,0,1,1
8.219.222.11,200,14906,6,2,0,0,0,18,0,1,0,8,0,0,0,1,0,1,1
8.219.222.11,200,57,6,2,0,0,0,11,0,1,0,8,0,0,0,1,0,1,1
8.219.222.11,200,16066,6,2,0,0,0,18,0,1,0,8,0,0,0,1,0,1,1
113.199.229.4,200,601,6,2,0,0,0,6,0,1,0,125,0,0,1,1,0,1,1
113.199.229.4,200,336,6,2,0,0,0,23,0,1,0,125,0,0,1,0,0,0,0
113.199.229.4,200,1427,6,2,0,0,0,29,0,1,0,125,0,0,1,0,0,0,0
113.199.229.4,200,586,6,2,0,0,0,22,0,1,0,125,0,0,1,0,0,0,0
113.199.229.4,200,663820,6,2,0,0,0,33,0,1,0,125,0,0,1,0,0,0,0
113.199.229.4,200,18052,6,2,0,0,0,11,0,1,0,125,0,0,1,0,0,0,0
113.199.229.4,200,2404787,6,2,0,0,0,27,0,1,0,125,0,0,1,0,0,0,0
113.199.229.4,200,325914,6,2,0,0,0,59,0,1,0,125,0,0,1,0,0,0,0
113.199.229.4,200,102868,6,2,0,0,0,52,0,1,0,125,0,0,1,0,0,0,0
113.199.229.4,200,106140,6,2,0,0,0,51,0,1,0,125,0,0,1,0,0,0,0
113.199.229.4,200,104332,6,2,0,0,0,52,0,1,0,125,0,0,1,0,0,0,0
113.199.229.4,200,67,6,2,0,1,0,13,0,1,0,125,0,0,1,1,0,1,1
113.199.229.4,200,98868,6,2,0,0,0,54,0,1,0,125,0,0,1,0,0,0,0
113.199.229.4,200,980,6,2,0,0,0,14,0,1,0,125,0,0,1,0,0,0,0
113.199.229.4,206,1555953,6,2,0,0,0,46,0,1,0,125,0,0,1,0,0,0,0
113.199.229.4,206,34503,6,2,0,0,0,46,0,1,0,125,0,0,1,0,0,0,0
113.199.229.4,206,3770055,6,2,0,0,0,46,0,1,0,125,0,0,1,0,0,0,0
113.199.229.4,204,0,6,2,0,1,0,13,0,1,0,125,0,0,1,1,0,1,1
113.199.229.4,200,67,6,2,0,1,0,13,0,1,0,125,0,0,1,1,0,1,1
113.199.229.4,200,2126,6,2,0,1,0,15,0,1,0,125,0,0,1,1,0,1,1
113.199.229.4,200,325,6,2,0,1,0,15,0,1,0,125,0,0,1,1,0,1,1
113.199.229.4,200,325,6,2,0,1,0,15,0,1,0,125,0,0,1,1,0,1,1
113.199.229.4,200,64502,6,2,0,0,0,32,0,1,0,125,0,0,1,0,0,0,0
113.199.229.4,200,74190,6,2,0,0,0,31,0,1,0,125,0,0,1,0,0,0,0
113.199.229.4,200,509371,6,2,0,0,0,32,0,1,0,125,0,0,1,0,0,0,0
113.199.229.4,200,3,6,2,0,1,0,34,0,1,0,125,0,0,1,1,0,1,1
113.199.229.4,200,469,6,2,0,1,0,28,0,1,0,125,0,0,1,1,0,1,1
113.199.229.4,200,24,6,2,0,1,0,39,0,1,0,125,0,0,1,1,0,1,1
113.199.229.4,200,469,6,2,0,1,0,28,0,1,0,125,0,0,1,1,0,1,1
113.199.229.4,200,469,6,2,0,1,0,28,0,1,0,125,0,0,1,1,0,1,1
113.199.229.4,200,325,6,2,0,1,0,15,0,1,0,125,0,0,1,1,0,1,1
113.199.229.4,200,28,6,2,0,1,0,15,0,1,0,125,0,0,1,1,0,1,1
113.199.229.4,200,448,6,2,0,1,0,15,0,1,0,125,0,0,1,1,0,1,1
113.199.229.4,200,3,6,2,0,1,0,32,0,1,0,125,0,0,1,1,0,1,1
113.199.229.4,200,24,6,2,0,1,0,37,0,1,0,125,0,0,1,1,0,1,1
113.199.229.4,200,93,6,2,0,1,0,26,0,1,0,125,0,0,1,1,0,1,1
113.199.229.4,101,232,6,2,0,0,0,17,0,0,0,125,0,0,1,1,0,1,1
113.199.229.4,101,0,6,2,0,0,0,17,0,0,0,125,0,0,1,1,0,1,1
113.199.229.4,101,0,6,2,0,0,0,17,0,0,0,125,0,0,1,1,0,1,1
196.251.84.253,404,162,6,2,0,0,0,1,1,0,0,70,0,0,1,1,0,1,1
113.199.229.4,101,0,6,2,0,0,0,17,0,0,0,125,0,0,1,1,0,1,1
113.199.229.4,101,0,6,2,0,0,0,17,0,0,0,125,0,0,1,1,0,1,1
113.199.229.4,101,0,6,2,0,0,0,17,0,0,0,125,0,0,1,1,0,1,1
113.199.229.4,101,0,6,2,0,0,0,17,0,0,0,125,0,0,1,1,0,1,1
113.199.229.4,101,0,6,2,0,0,0,17,0,0,0,125,0,0,1,1,0,1,1
113.199.229.4,101,0,6,2,0,0,0,17,0,0,0,125,0,0,1,1,0,1,1
113.199.229.4,101,0,6,2,0,0,0,17,0,0,0,125,0,0,1,1,0,1,1
113.199.229.4,101,0,6,2,0,0,0,17,0,0,0,125,0,0,1,1,0,1,1
113.199.229.4,101,0,6,2,0,0,0,17,0,0,0,125,0,0,1,1,0,1,1
113.199.229.4,101,0,6,2,0,0,0,17,0,0,0,125,0,0,1,1,0,1,1
113.199.229.4,101,0,6,2,0,0,0,17,0,0,0,125,0,0,1,1,0,1,1
113.199.229.4,101,0,6,2,0,0,0,17,0,0,0,125,0,0,1,1,0,1,1
113.199.229.4,101,0,6,2,0,0,0,17,0,0,0,125,0,0,1,1,0,1,1
113.199.229.4,101,0,6,2,0,0,0,17,0,0,0,125,0,0,1,1,0,1,1
113.199.229.4,101,0,6,2,0,0,0,17,0,0,0,125,0,0,1,1,0,1,1
113.199.229.4,101,0,6,2,0,0,0,17,0,0,0,125,0,0,1,1,0,1,1
198.235.24.144,404,134,6,2,0,0,0,1,1,0,0,140,0,0,0,1,0,1,1
113.199.229.4,101,0,6,2,0,0,0,17,0,0,0,125,0,0,1,1,0,1,1
113.199.229.4,101,0,6,2,0,0,0,17,0,0,0,125,0,0,1,1,0,1,1
113.199.229.4,101,0,6,2,0,0,0,17,0,0,0,125,0,0,1,1,0,1,1
113.199.229.4,101,0,6,2,0,0,0,17,0,0,0,125,0,0,1,1,0,1,1
113.199.229.4,200,601,6,2,0,0,0,19,0,1,0,125,0,0,1,1,0,1,1
113.199.229.4,101,0,6,2,0,0,0,17,0,0,0,125,0,0,1,1,0,1,1
113.199.229.4,200,336,6,2,0,0,0,23,0,1,0,125,0,0,1,0,0,0,0
113.199.229.4,200,1427,6,2,0,0,0,29,0,1,0,125,0,0,1,0,0,0,0
113.199.229.4,200,586,6,2,0,0,0,22,0,1,0,125,0,0,1,0,0,0,0
113.199.229.4,200,663820,6,2,0,0,0,33,0,1,0,125,0,0,1,0,0,0,0
113.199.229.4,200,18052,6,2,0,0,0,11,0,1,0,125,0,0,1,0,0,0,0
113.199.229.4,200,2404787,6,2,0,0,0,27,0,1,0,125,0,0,1,0,0,0,0
113.199.229.4,200,2157,6,2,0,1,0,15,0,1,0,125,0,0,1,1,0,1,1
113.199.229.4,200,16066,6,2,0,0,0,18,0,1,0,125,0,0,1,0,0,0,0
113.199.229.4,200,106140,6,2,0,0,0,51,0,1,0,125,0,0,1,0,0,0,0
113.199.229.4,200,98868,6,2,0,0,0,54,0,1,0,125,0,0,1,0,0,0,0
113.199.229.4,200,474,6,2,0,1,0,15,0,1,0,125,0,0,1,1,0,1,1
113.199.229.4,200,64502,6,2,0,0,0,32,0,1,0,125,0,0,1,0,0,0,0
113.199.229.4,200,509371,6,2,0,0,0,32,0,1,0,125,0,0,1,0,0,0,0
113.199.229.4,200,980,6,2,0,0,0,14,0,1,0,125,0,0,1,0,0,0,0
113.199.229.4,200,74190,6,2,0,0,0,31,0,1,0,125,0,0,1,0,0,0,0
113.199.229.4,200,3,6,2,0,1,0,32,0,1,0,125,0,0,1,1,0,1,1
113.199.229.4,200,118,6,2,0,1,0,26,0,1,0,125,0,0,1,1,0,1,1
113.199.229.4,200,24,6,2,0,1,0,37,0,1,0,125,0,0,1,1,0,1,1
113.199.229.4,200,118,6,2,0,1,0,26,0,1,0,125,0,0,1,1,0,1,1
113.199.229.4,200,118,6,2,0,1,0,26,0,1,0,125,0,0,1,1,0,1,1
113.199.229.4,200,438,6,2,0,1,0,68,0,1,0,125,0,0,1,1,0,1,1
113.199.229.4,200,24,6,2,0,1,0,37,0,1,0,125,0,0,1,1,0,1,1
113.199.229.4,200,118,6,2,0,1,0,26,0,1,0,125,0,0,1,1,0,1,1
113.199.229.4,301,178,6,2,0,0,0,78,0,0,1,125,0,0,1,1,0,1,1
113.199.229.4,200,601,6,2,0,0,0,78,0,1,0,125,0,0,1,1,0,1,1
113.199.229.4,200,336,6,2,0,0,0,23,0,1,0,125,0,0,1,0,0,0,0
113.199.229.4,200,663820,6,2,0,0,0,33,0,1,0,125,0,0,1,0,0,0,0
113.199.229.4,200,586,6,2,0,0,0,22,0,1,0,125,0,0,1,0,0,0,0
113.199.229.4,200,1427,6,2,0,0,0,29,0,1,0,125,0,0,1,0,0,0,0
113.199.229.4,200,18052,6,2,0,0,0,11,0,1,0,125,0,0,1,0,0,0,0
113.199.229.4,200,2404787,6,2,0,0,0,27,0,1,0,125,0,0,1,0,0,0,0
113.199.229.4,200,2143,6,2,0,1,0,15,0,1,0,125,0,0,1,1,0,1,1
113.199.229.4,200,980,6,2,0,0,0,14,0,1,0,125,0,0,1,0,0,0,0
113.199.229.4,200,98868,6,2,0,0,0,54,0,1,0,125,0,0,1,0,0,0,0
113.199.229.4,200,106140,6,2,0,0,0,51,0,1,0,125,0,0,1,0,0,0,0
113.199.229.4,200,474,6,2,0,1,0,15,0,1,0,125,0,0,1,1,0,1,1
113.199.229.4,200,474,6,2,0,1,0,15,0,1,0,125,0,0,1,1,0,1,1
113.199.229.4,200,64502,6,2,0,0,0,32,0,1,0,125,0,0,1,0,0,0,0
113.199.229.4,200,509371,6,2,0,0,0,32,0,1,0,125,0,0,1,0,0,0,0
113.199.229.4,200,74190,6,2,0,0,0,31,0,1,0,125,0,0,1,0,0,0,0
113.199.229.4,200,3,6,2,0,1,0,34,0,1,0,125,0,0,1,1,0,1,1
113.199.229.4,200,470,6,2,0,1,0,28,0,1,0,125,0,0,1,1,0,1,1
113.199.229.4,200,24,6,2,0,1,0,39,0,1,0,125,0,0,1,1,0,1,1
113.199.229.4,200,470,6,2,0,1,0,28,0,1,0,125,0,0,1,1,0,1,1
113.199.229.4,200,470,6,2,0,1,0,28,0,1,0,125,0,0,1,1,0,1,1
113.199.229.4,101,442,6,2,0,0,0,17,0,0,0,125,0,0,1,1,0,1,1
113.199.229.4,101,199,6,2,0,0,0,17,0,0,0,125,0,0,1,1,0,1,1
113.199.229.4,200,24,6,2,0,1,0,37,0,1,0,125,0,0,1,1,0,1,1
113.199.229.4,200,231,6,2,0,1,0,129,0,1,0,125,0,0,1,1,0,1,1
113.199.229.4,200,56,6,2,0,1,0,134,0,1,0,125,0,0,1,1,0,1,1
113.199.229.4,101,0,6,2,0,0,0,17,0,0,0,125,0,0,1,1,0,1,1
113.199.229.4,101,0,6,2,0,0,0,17,0,0,0,125,0,0,1,1,0,1,1
27.34.66.95,200,601,6,2,0,0,0,9,0,1,0,111,0,0,1,1,0,1,1
27.34.66.95,200,336,6,2,0,0,0,23,0,1,0,111,0,0,1,0,0,0,0
27.34.66.95,200,1427,6,2,0,0,0,29,0,1,0,111,0,0,1,0,0,0,0
27.34.66.95,200,586,6,2,0,0,0,22,0,1,0,111,0,0,1,0,0,0,0
27.34.66.95,200,18052,6,2,0,0,0,11,0,1,0,111,0,0,1,0,0,0,0
27.34.66.95,200,663820,6,2,0,0,0,33,0,1,0,111,0,0,1,0,0,0,0
27.34.66.95,200,2404787,6,2,0,0,0,27,0,1,0,111,0,0,1,0,0,0,0
27.34.66.95,200,2156,6,2,0,1,0,15,0,1,0,111,0,0,1,1,0,1,1
27.34.66.95,200,16066,6,2,0,0,0,18,0,1,0,111,0,0,1,0,0,0,0
27.34.66.95,200,106140,6,2,0,0,0,51,0,1,0,111,0,0,1,0,0,0,0
27.34.66.95,200,474,6,2,0,1,0,15,0,1,0,111,0,0,1,1,0,1,1
27.34.66.95,200,98868,6,2,0,0,0,54,0,1,0,111,0,0,1,0,0,0,0
27.34.66.95,200,980,6,2,0,0,0,14,0,1,0,111,0,0,1,0,0,0,0
27.34.66.95,200,474,6,2,0,1,0,15,0,1,0,111,0,0,1,1,0,1,1
27.34.66.95,200,64502,6,2,0,0,0,32,0,1,0,111,0,0,1,0,0,0,0
27.34.66.95,200,74190,6,2,0,0,0,31,0,1,0,111,0,0,1,0,0,0,0
27.34.66.95,200,509371,6,2,0,0,0,32,0,1,0,111,0,0,1,0,0,0,0
27.34.66.95,200,24,6,2,0,1,0,39,0,1,0,111,0,0,1,1,0,1,1
27.34.66.95,200,3,6,2,0,1,0,34,0,1,0,111,0,0,1,1,0,1,1
27.34.66.95,200,470,6,2,0,1,0,28,0,1,0,111,0,0,1,1,0,1,1
27.34.66.95,200,470,6,2,0,1,0,28,0,1,0,111,0,0,1,1,0,1,1
27.34.66.95,200,470,6,2,0,1,0,28,0,1,0,111,0,0,1,1,0,1,1
113.199.229.4,101,0,6,2,0,0,0,17,0,0,0,125,0,0,1,1,0,1,1
113.199.229.4,200,601,6,2,0,0,0,78,0,1,0,125,0,0,1,1,0,1,1
113.199.229.4,200,336,6,2,0,0,0,23,0,1,0,125,0,0,1,0,0,0,0
113.199.229.4,200,1427,6,2,0,0,0,29,0,1,0,125,0,0,1,0,0,0,0
113.199.229.4,200,586,6,2,0,0,0,22,0,1,0,125,0,0,1,0,0,0,0
113.199.229.4,200,663820,6,2,0,0,0,33,0,1,0,125,0,0,1,0,0,0,0
113.199.229.4,200,18052,6,2,0,0,0,11,0,1,0,125,0,0,1,0,0,0,0
113.199.229.4,200,2404787,6,2,0,0,0,27,0,1,0,125,0,0,1,0,0,0,0
113.199.229.4,200,2136,6,2,0,1,0,15,0,1,0,125,0,0,1,1,0,1,1
113.199.229.4,200,98868,6,2,0,0,0,54,0,1,0,125,0,0,1,0,0,0,0
113.199.229.4,200,106140,6,2,0,0,0,51,0,1,0,125,0,0,1,0,0,0,0
113.199.229.4,200,474,6,2,0,1,0,15,0,1,0,125,0,0,1,1,0,1,1
113.199.229.4,200,980,6,2,0,0,0,14,0,1,0,125,0,0,1,0,0,0,0
113.199.229.4,200,474,6,2,0,1,0,15,0,1,0,125,0,0,1,1,0,1,1
113.199.229.4,200,64502,6,2,0,0,0,32,0,1,0,125,0,0,1,0,0,0,0
113.199.229.4,200,509371,6,2,0,0,0,32,0,1,0,125,0,0,1,0,0,0,0
113.199.229.4,200,74190,6,2,0,0,0,31,0,1,0,125,0,0,1,0,0,0,0
113.199.229.4,200,3,6,2,0,1,0,34,0,1,0,125,0,0,1,1,0,1,1
113.199.229.4,200,470,6,2,0,1,0,28,0,1,0,125,0,0,1,1,0,1,1
113.199.229.4,200,24,6,2,0,1,0,39,0,1,0,125,0,0,1,1,0,1,1
113.199.229.4,200,470,6,2,0,1,0,28,0,1,0,125,0,0,1,1,0,1,1
113.199.229.4,200,470,6,2,0,1,0,28,0,1,0,125,0,0,1,1,0,1,1
27.34.66.95,101,195,6,2,0,0,0,17,0,0,0,111,0,0,1,1,0,1,1
113.199.229.4,200,474,6,2,0,1,0,15,0,1,0,125,0,0,1,1,0,1,1
113.199.229.4,200,3,6,2,0,1,0,34,0,1,0,125,0,0,1,1,0,1,1
113.199.229.4,200,24,6,2,0,1,0,39,0,1,0,125,0,0,1,1,0,1,1
113.199.229.4,200,470,6,2,0,1,0,28,0,1,0,125,0,0,1,1,0,1,1
113.199.229.4,101,195,6,2,0,0,0,17,0,0,0,125,0,0,1,1,0,1,1
113.199.229.4,200,601,6,2,0,0,0,6,0,1,0,125,0,0,1,1,0,1,1
113.199.229.4,200,1427,6,2,0,0,0,29,0,1,0,125,0,0,1,0,0,0,0
113.199.229.4,200,586,6,2,0,0,0,22,0,1,0,125,0,0,1,0,0,0,0
113.199.229.4,200,336,6,2,0,0,0,23,0,1,0,125,0,0,1,0,0,0,0
113.199.229.4,200,663820,6,2,0,0,0,33,0,1,0,125,0,0,1,0,0,0,0
113.199.229.4,200,18052,6,2,0,0,0,11,0,1,0,125,0,0,1,0,0,0,0
113.199.229.4,200,2404787,6,2,0,0,0,27,0,1,0,125,0,0,1,0,0,0,0
113.199.229.4,200,980,6,2,0,0,0,14,0,1,0,125,0,0,1,0,0,0,0
113.199.229.4,200,325914,6,2,0,0,0,59,0,1,0,125,0,0,1,0,0,0,0
113.199.229.4,200,102868,6,2,0,0,0,52,0,1,0,125,0,0,1,0,0,0,0
113.199.229.4,200,106140,6,2,0,0,0,51,0,1,0,125,0,0,1,0,0,0,0
113.199.229.4,200,98868,6,2,0,0,0,54,0,1,0,125,0,0,1,0,0,0,0
113.199.229.4,200,104332,6,2,0,0,0,52,0,1,0,125,0,0,1,0,0,0,0
113.199.229.4,200,67,6,2,0,1,0,13,0,1,0,125,0,0,1,1,0,1,1
113.199.229.4,206,1555953,6,2,0,0,0,46,0,1,0,125,0,0,1,0,0,0,0
113.199.229.4,206,34503,6,2,0,0,0,46,0,1,0,125,0,0,1,0,0,0,0
113.199.229.4,206,3770055,6,2,0,0,0,46,0,1,0,125,0,0,1,0,0,0,0
113.199.229.4,101,0,6,2,0,0,0,17,0,0,0,125,0,0,1,1,0,1,1
113.199.229.4,204,0,6,2,0,1,0,13,0,1,0,125,0,0,1,1,0,1,1
113.199.229.4,200,67,6,2,0,1,0,13,0,1,0,125,0,0,1,1,0,1,1
113.199.229.4,200,2138,6,2,0,1,0,15,0,1,0,125,0,0,1,1,0,1,1
113.199.229.4,200,474,6,2,0,1,0,15,0,1,0,125,0,0,1,1,0,1,1
113.199.229.4,200,474,6,2,0,1,0,15,0,1,0,125,0,0,1,1,0,1,1
113.199.229.4,200,64502,6,2,0,0,0,32,0,1,0,125,0,0,1,0,0,0,0
113.199.229.4,200,509371,6,2,0,0,0,32,0,1,0,125,0,0,1,0,0,0,0
113.199.229.4,200,74190,6,2,0,0,0,31,0,1,0,125,0,0,1,0,0,0,0
113.199.229.4,200,3,6,2,0,1,0,34,0,1,0,125,0,0,1,1,0,1,1
113.199.229.4,200,470,6,2,0,1,0,28,0,1,0,125,0,0,1,1,0,1,1
113.199.229.4,200,24,6,2,0,1,0,39,0,1,0,125,0,0,1,1,0,1,1
113.199.229.4,200,470,6,2,0,1,0,28,0,1,0,125,0,0,1,1,0,1,1
113.199.229.4,200,470,6,2,0,1,0,28,0,1,0,125,0,0,1,1,0,1,1
113.199.229.4,200,3,6,2,0,1,0,32,0,1,0,125,0,0,1,1,0,1,1
113.199.229.4,200,24,6,2,0,1,0,37,0,1,0,125,0,0,1,1,0,1,1
113.199.229.4,200,461,6,2,0,1,0,26,0,1,0,125,0,0,1,1,0,1,1
113.199.229.4,200,438,6,2,0,1,0,68,0,1,0,125,0,0,1,1,0,1,1
113.199.229.4,200,461,6,2,0,1,0,26,0,1,0,125,0,0,1,1,0,1,1
113.199.229.4,200,24,6,2,0,1,0,37,0,1,0,125,0,0,1,1,0,1,1
113.199.229.4,200,24,6,2,0,1,0,37,0,1,0,125,0,0,1,1,0,1,1
113.199.229.4,200,461,6,2,0,1,0,26,0,1,0,125,0,0,1,1,0,1,1
113.199.229.4,200,3,6,2,0,1,0,34,0,1,0,125,0,0,1,1,0,1,1
113.199.229.4,200,470,6,2,0,1,0,28,0,1,0,125,0,0,1,1,0,1,1
113.199.229.4,200,24,6,2,0,1,0,39,0,1,0,125,0,0,1,1,0,1,1
113.199.229.4,200,24,6,2,0,1,0,39,0,1,0,125,0,0,1,1,0,1,1
113.199.229.4,200,470,6,2,0,1,0,28,0,1,0,125,0,0,1,1,0,1,1
113.199.229.4,200,24,6,2,0,1,0,39,0,1,0,125,0,0,1,1,0,1,1
113.199.229.4,200,470,6,2,0,1,0,28,0,1,0,125,0,0,1,1,0,1,1
113.199.229.4,200,24,6,2,0,1,0,39,0,1,0,125,0,0,1,1,0,1,1
113.199.229.4,200,470,6,2,0,1,0,28,0,1,0,125,0,0,1,1,0,1,1
113.199.229.4,200,24,6,2,0,1,0,39,0,1,0,125,0,0,1,1,0,1,1
113.199.229.4,200,213,6,2,0,1,0,117,0,1,0,125,0,0,1,1,0,1,1
113.199.229.4,200,70,6,2,0,1,0,122,0,1,0,125,0,0,1,1,0,1,1
27.34.66.95,101,0,6,2,0,0,0,17,0,0,0,111,0,0,1,1,0,1,1
113.199.229.4,101,0,7,2,0,0,0,17,0,0,0,125,0,0,1,1,0,1,1
27.34.66.95,200,601,7,2,0,0,0,21,0,1,0,111,0,0,1,1,0,1,1
27.34.66.95,101,0,7,2,0,0,0,17,0,0,0,111,0,0,1,1,0,1,1
27.34.66.95,200,336,7,2,0,0,0,23,0,1,0,111,0,0,1,0,0,0,0
27.34.66.95,200,1427,7,2,0,0,0,29,0,1,0,111,0,0,1,0,0,0,0
27.34.66.95,200,586,7,2,0,0,0,22,0,1,0,111,0,0,1,0,0,0,0
27.34.66.95,200,18052,7,2,0,0,0,11,0,1,0,111,0,0,1,0,0,0,0
27.34.66.95,200,663820,7,2,0,0,0,33,0,1,0,111,0,0,1,0,0,0,0
27.34.66.95,200,2404787,7,2,0,0,0,27,0,1,0,111,0,0,1,0,0,0,0
27.34.66.95,200,16066,7,2,0,0,0,18,0,1,0,111,0,0,1,0,0,0,0
27.34.66.95,200,2137,7,2,0,1,0,15,0,1,0,111,0,0,1,1,0,1,1
27.34.66.95,200,106140,7,2,0,0,0,51,0,1,0,111,0,0,1,0,0,0,0
27.34.66.95,200,98868,7,2,0,0,0,54,0,1,0,111,0,0,1,0,0,0,0
27.34.66.95,200,474,7,2,0,1,0,15,0,1,0,111,0,0,1,1,0,1,1
27.34.66.95,200,64502,7,2,0,0,0,32,0,1,0,111,0,0,1,0,0,0,0
27.34.66.95,200,980,7,2,0,0,0,14,0,1,0,111,0,0,1,0,0,0,0
27.34.66.95,200,74190,7,2,0,0,0,31,0,1,0,111,0,0,1,0,0,0,0
27.34.66.95,200,509371,7,2,0,0,0,32,0,1,0,111,0,0,1,0,0,0,0
27.34.66.95,200,3,7,2,0,1,0,34,0,1,0,111,0,0,1,1,0,1,1
27.34.66.95,200,24,7,2,0,1,0,39,0,1,0,111,0,0,1,1,0,1,1
27.34.66.95,200,470,7,2,0,1,0,28,0,1,0,111,0,0,1,1,0,1,1
27.34.66.95,200,470,7,2,0,1,0,28,0,1,0,111,0,0,1,1,0,1,1
27.34.66.95,200,470,7,2,0,1,0,28,0,1,0,111,0,0,1,1,0,1,1
27.34.66.95,200,3,7,2,0,1,0,32,0,1,0,111,0,0,1,1,0,1,1
27.34.66.95,200,24,7,2,0,1,0,37,0,1,0,111,0,0,1,1,0,1,1
27.34.66.95,200,461,7,2,0,1,0,26,0,1,0,111,0,0,1,1,0,1,1
27.34.66.95,200,461,7,2,0,1,0,26,0,1,0,111,0,0,1,1,0,1,1
27.34.66.95,200,461,7,2,0,1,0,26,0,1,0,111,0,0,1,1,0,1,1
27.34.66.95,200,461,7,2,0,1,0,26,0,1,0,111,0,0,1,1,0,1,1
113.199.229.4,101,1918,7,2,0,0,0,17,0,0,0,125,0,0,1,1,0,1,1
27.34.66.95,200,601,7,2,0,0,0,19,0,1,0,111,0,0,1,1,0,1,1
27.34.66.95,200,336,7,2,0,0,0,23,0,1,0,111,0,0,1,0,0,0,0
27.34.66.95,200,1427,7,2,0,0,0,29,0,1,0,111,0,0,1,0,0,0,0
27.34.66.95,200,586,7,2,0,0,0,22,0,1,0,111,0,0,1,0,0,0,0
27.34.66.95,200,18052,7,2,0,0,0,11,0,1,0,111,0,0,1,0,0,0,0
27.34.66.95,200,2404787,7,2,0,0,0,27,0,1,0,111,0,0,1,0,0,0,0
27.34.66.95,200,663820,7,2,0,0,0,33,0,1,0,111,0,0,1,0,0,0,0
27.34.66.95,403,65,7,2,0,1,0,15,1,0,0,111,0,0,1,1,0,1,1
27.34.66.95,200,80,7,2,0,1,0,42,0,1,0,111,0,0,1,1,0,1,1
27.34.66.95,200,16066,7,2,0,0,0,18,0,1,0,111,0,0,1,0,0,0,0
27.34.66.95,200,64502,7,2,0,0,0,32,0,1,0,111,0,0,1,0,0,0,0
27.34.66.95,200,74190,7,2,0,0,0,31,0,1,0,111,0,0,1,0,0,0,0
27.34.66.95,200,98868,7,2,0,0,0,54,0,1,0,111,0,0,1,0,0,0,0
27.34.66.95,200,509371,7,2,0,0,0,32,0,1,0,111,0,0,1,0,0,0,0
113.199.229.4,200,601,7,2,0,0,0,78,0,1,0,125,0,0,1,1,0,1,1
27.34.66.95,200,106140,7,2,0,0,0,51,0,1,0,111,0,0,1,0,0,0,0
113.199.229.4,200,336,7,2,0,0,0,23,0,1,0,125,0,0,1,0,0,0,0
113.199.229.4,101,0,7,2,0,0,0,17,0,0,0,125,0,0,1,1,0,1,1
113.199.229.4,200,1427,7,2,0,0,0,29,0,1,0,125,0,0,1,0,0,0,0
113.199.229.4,200,18052,7,2,0,0,0,11,0,1,0,125,0,0,1,0,0,0,0
113.199.229.4,200,586,7,2,0,0,0,22,0,1,0,125,0,0,1,0,0,0,0
113.199.229.4,200,663820,7,2,0,0,0,33,0,1,0,125,0,0,1,0,0,0,0
113.199.229.4,200,2404787,7,2,0,0,0,27,0,1,0,125,0,0,1,0,0,0,0
113.199.229.4,200,2142,7,2,0,1,0,15,0,1,0,125,0,0,1,1,0,1,1
113.199.229.4,200,98868,7,2,0,0,0,54,0,1,0,125,0,0,1,0,0,0,0
113.199.229.4,200,106140,7,2,0,0,0,51,0,1,0,125,0,0,1,0,0,0,0
113.199.229.4,200,474,7,2,0,1,0,15,0,1,0,125,0,0,1,1,0,1,1
113.199.229.4,200,980,7,2,0,0,0,14,0,1,0,125,0,0,1,0,0,0,0
113.199.229.4,200,474,7,2,0,1,0,15,0,1,0,125,0,0,1,1,0,1,1
113.199.229.4,200,64502,7,2,0,0,0,32,0,1,0,125,0,0,1,0,0,0,0
113.199.229.4,200,74190,7,2,0,0,0,31,0,1,0,125,0,0,1,0,0,0,0
113.199.229.4,200,509371,7,2,0,0,0,32,0,1,0,125,0,0,1,0,0,0,0
113.199.229.4,200,470,7,2,0,1,0,28,0,1,0,125,0,0,1,1,0,1,1
113.199.229.4,200,3,7,2,0,1,0,34,0,1,0,125,0,0,1,1,0,1,1
113.199.229.4,200,24,7,2,0,1,0,39,0,1,0,125,0,0,1,1,0,1,1
113.199.229.4,200,470,7,2,0,1,0,28,0,1,0,125,0,0,1,1,0,1,1
113.199.229.4,200,470,7,2,0,1,0,28,0,1,0,125,0,0,1,1,0,1,1
113.199.229.4,101,0,7,2,0,0,0,17,0,0,0,125,0,0,1,1,0,1,1
113.199.229.4,200,3,7,2,0,1,0,34,0,1,0,125,0,0,1,1,0,1,1
113.199.229.4,200,470,7,2,0,1,0,28,0,1,0,125,0,0,1,1,0,1,1
113.199.229.4,200,24,7,2,0,1,0,39,0,1,0,125,0,0,1,1,0,1,1
27.34.66.95,101,124,7,2,0,0,0,17,0,0,0,111,0,0,1,1,0,1,1
27.34.66.95,101,675,7,2,0,0,0,17,0,0,0,111,0,0,1,1,0,1,1
113.199.229.4,200,3,7,2,0,1,0,32,0,1,0,125,0,0,1,1,0,1,1
113.199.229.4,200,461,7,2,0,1,0,26,0,1,0,125,0,0,1,1,0,1,1
113.199.229.4,200,24,7,2,0,1,0,37,0,1,0,125,0,0,1,1,0,1,1
113.199.229.4,200,438,7,2,0,1,0,68,0,1,0,125,0,0,1,1,0,1,1
113.199.229.4,200,461,7,2,0,1,0,26,0,1,0,125,0,0,1,1,0,1,1
113.199.229.4,200,24,7,2,0,1,0,37,0,1,0,125,0,0,1,1,0,1,1
113.199.229.4,200,24,7,2,0,1,0,37,0,1,0,125,0,0,1,1,0,1,1
113.199.229.4,200,231,7,2,0,1,0,129,0,1,0,125,0,0,1,1,0,1,1
113.199.229.4,200,56,7,2,0,1,0,134,0,1,0,125,0,0,1,1,0,1,1
113.199.229.4,200,24,7,2,0,1,0,37,0,1,0,125,0,0,1,1,0,1,1
113.199.229.4,200,231,7,2,0,1,0,129,0,1,0,125,0,0,1,1,0,1,1
113.199.229.4,200,56,7,2,0,1,0,134,0,1,0,125,0,0,1,1,0,1,1
113.199.229.4,101,0,7,2,0,0,0,17,0,0,0,125,0,0,1,1,0,1,1
113.199.229.4,101,637,7,2,0,0,0,17,0,0,0,125,0,0,1,1,0,1,1
27.34.66.95,101,0,7,2,0,0,0,17,0,0,0,111,0,0,1,1,0,1,1
113.199.229.4,101,0,7,2,0,0,0,17,0,0,0,125,0,0,1,1,0,1,1
27.34.66.95,101,0,7,2,0,0,0,17,0,0,0,111,0,0,1,1,0,1,1
113.199.229.4,101,0,7,2,0,0,0,17,0,0,0,125,0,0,1,1,0,1,1
113.199.229.4,301,178,7,2,0,0,0,78,0,0,1,125,0,0,1,1,0,1,1
113.199.229.4,200,601,7,2,0,0,0,78,0,1,0,125,0,0,1,1,0,1,1
113.199.229.4,200,336,7,2,0,0,0,23,0,1,0,125,0,0,1,0,0,0,0
113.199.229.4,101,4,7,2,0,0,0,17,0,0,0,125,0,0,1,1,0,1,1
113.199.229.4,200,1427,7,2,0,0,0,29,0,1,0,125,0,0,1,0,0,0,0
113.199.229.4,200,586,7,2,0,0,0,22,0,1,0,125,0,0,1,0,0,0,0
113.199.229.4,200,663820,7,2,0,0,0,33,0,1,0,125,0,0,1,0,0,0,0
113.199.229.4,200,18052,7,2,0,0,0,11,0,1,0,125,0,0,1,0,0,0,0
113.199.229.4,200,2404787,7,2,0,0,0,27,0,1,0,125,0,0,1,0,0,0,0
113.199.229.4,200,2134,7,2,0,1,0,15,0,1,0,125,0,0,1,1,0,1,1
113.199.229.4,200,106140,7,2,0,0,0,51,0,1,0,125,0,0,1,0,0,0,0
113.199.229.4,200,98868,7,2,0,0,0,54,0,1,0,125,0,0,1,0,0,0,0
113.199.229.4,200,474,7,2,0,1,0,15,0,1,0,125,0,0,1,1,0,1,1
113.199.229.4,200,980,7,2,0,0,0,14,0,1,0,125,0,0,1,0,0,0,0
113.199.229.4,200,474,7,2,0,1,0,15,0,1,0,125,0,0,1,1,0,1,1
113.199.229.4,200,64502,7,2,0,0,0,32,0,1,0,125,0,0,1,0,0,0,0
113.199.229.4,200,74190,7,2,0,0,0,31,0,1,0,125,0,0,1,0,0,0,0
113.199.229.4,200,509371,7,2,0,0,0,32,0,1,0,125,0,0,1,0,0,0,0
113.199.229.4,101,0,7,2,0,0,0,17,0,0,0,125,0,0,1,1,0,1,1
113.199.229.4,101,0,7,2,0,0,0,17,0,0,0,125,0,0,1,1,0,1,1
27.34.66.95,101,0,7,2,0,0,0,17,0,0,0,111,0,0,1,1,0,1,1
113.199.229.4,200,601,7,2,0,0,0,6,0,1,0,125,0,0,1,1,0,1,1
113.199.229.4,200,336,7,2,0,0,0,23,0,1,0,125,0,0,1,0,0,0,0
113.199.229.4,200,1427,7,2,0,0,0,29,0,1,0,125,0,0,1,0,0,0,0
113.199.229.4,200,586,7,2,0,0,0,22,0,1,0,125,0,0,1,0,0,0,0
113.199.229.4,200,663820,7,2,0,0,0,33,0,1,0,125,0,0,1,0,0,0,0
113.199.229.4,200,18052,7,2,0,0,0,11,0,1,0,125,0,0,1,0,0,0,0
113.199.229.4,200,2404787,7,2,0,0,0,27,0,1,0,125,0,0,1,0,0,0,0
113.199.229.4,200,325914,7,2,0,0,0,59,0,1,0,125,0,0,1,0,0,0,0
113.199.229.4,200,102868,7,2,0,0,0,52,0,1,0,125,0,0,1,0,0,0,0
113.199.229.4,200,104332,7,2,0,0,0,52,0,1,0,125,0,0,1,0,0,0,0
113.199.229.4,200,98868,7,2,0,0,0,54,0,1,0,125,0,0,1,0,0,0,0
113.199.229.4,200,106140,7,2,0,0,0,51,0,1,0,125,0,0,1,0,0,0,0
113.199.229.4,200,67,7,2,0,1,0,13,0,1,0,125,0,0,1,1,0,1,1
113.199.229.4,200,980,7,2,0,0,0,14,0,1,0,125,0,0,1,0,0,0,0
113.199.229.4,206,1621489,7,2,0,0,0,46,0,1,0,125,0,0,1,0,0,0,0
113.199.229.4,206,34503,7,2,0,0,0,46,0,1,0,125,0,0,1,0,0,0,0
113.199.229.4,206,3770055,7,2,0,0,0,46,0,1,0,125,0,0,1,0,0,0,0
27.34.66.95,101,0,7,2,0,0,0,17,0,0,0,111,0,0,1,1,0,1,1
113.199.229.4,204,0,7,2,0,1,0,13,0,1,0,125,0,0,1,1,0,1,1
113.199.229.4,200,67,7,2,0,1,0,13,0,1,0,125,0,0,1,1,0,1,1
113.199.229.4,200,2126,7,2,0,1,0,15,0,1,0,125,0,0,1,1,0,1,1
113.199.229.4,200,474,7,2,0,1,0,15,0,1,0,125,0,0,1,1,0,1,1
113.199.229.4,200,474,7,2,0,1,0,15,0,1,0,125,0,0,1,1,0,1,1
113.199.229.4,200,64502,7,2,0,0,0,32,0,1,0,125,0,0,1,0,0,0,0
113.199.229.4,200,509371,7,2,0,0,0,32,0,1,0,125,0,0,1,0,0,0,0
113.199.229.4,200,74190,7,2,0,0,0,31,0,1,0,125,0,0,1,0,0,0,0
113.199.229.4,200,3,7,2,0,1,0,34,0,1,0,125,0,0,1,1,0,1,1
113.199.229.4,200,470,7,2,0,1,0,28,0,1,0,125,0,0,1,1,0,1,1
113.199.229.4,200,24,7,2,0,1,0,39,0,1,0,125,0,0,1,1,0,1,1
113.199.229.4,200,470,7,2,0,1,0,28,0,1,0,125,0,0,1,1,0,1,1
113.199.229.4,200,470,7,2,0,1,0,28,0,1,0,125,0,0,1,1,0,1,1
113.199.229.4,200,3,7,2,0,1,0,32,0,1,0,125,0,0,1,1,0,1,1
113.199.229.4,200,461,7,2,0,1,0,26,0,1,0,125,0,0,1,1,0,1,1
113.199.229.4,200,24,7,2,0,1,0,37,0,1,0,125,0,0,1,1,0,1,1
113.199.229.4,200,647,7,2,0,1,0,68,0,1,0,125,0,0,1,1,0,1,1
113.199.229.4,200,24,7,2,0,1,0,37,0,1,0,125,0,0,1,1,0,1,1
113.199.229.4,200,461,7,2,0,1,0,26,0,1,0,125,0,0,1,1,0,1,1
113.199.229.4,200,24,7,2,0,1,0,37,0,1,0,125,0,0,1,1,0,1,1
113.199.229.4,200,233,7,2,0,1,0,129,0,1,0,125,0,0,1,1,0,1,1
113.199.229.4,200,56,7,2,0,1,0,134,0,1,0,125,0,0,1,1,0,1,1
27.34.66.95,101,0,7,2,0,0,0,17,0,0,0,111,0,0,1,1,0,1,1
113.199.229.4,101,767,7,2,0,0,0,17,0,0,0,125,0,0,1,1,0,1,1
27.34.66.95,101,0,7,2,0,0,0,17,0,0,0,111,0,0,1,1,0,1,1
113.199.229.4,101,0,7,2,0,0,0,17,0,0,0,125,0,0,1,1,0,1,1
113.199.229.4,200,601,7,2,0,0,0,1,0,1,0,125,0,0,1,0,0,0,0
113.199.229.4,200,601,7,2,0,0,0,1,0,1,0,125,0,0,1,0,0,0,0
113.199.229.4,200,601,7,2,0,0,0,1,0,1,0,125,0,0,1,0,0,0,0
113.199.229.4,200,601,7,2,0,0,0,88,0,1,0,125,0,0,1,1,0,1,1
113.199.229.4,101,0,7,2,0,0,0,17,0,0,0,125,0,0,1,1,0,1,1
113.199.229.4,200,336,7,2,0,0,0,23,0,1,0,125,0,0,1,0,0,0,0
113.199.229.4,200,1427,7,2,0,0,0,29,0,1,0,125,0,0,1,0,0,0,0
113.199.229.4,200,663820,7,2,0,0,0,33,0,1,0,125,0,0,1,0,0,0,0
113.199.229.4,200,586,7,2,0,0,0,22,0,1,0,125,0,0,1,0,0,0,0
113.199.229.4,200,18052,7,2,0,0,0,11,0,1,0,125,0,0,1,0,0,0,0
113.199.229.4,200,2404787,7,2,0,0,0,27,0,1,0,125,0,0,1,0,0,0,0
113.199.229.4,200,2147,7,2,0,1,0,15,0,1,0,125,0,0,1,1,0,1,1
113.199.229.4,200,16066,7,2,0,0,0,18,0,1,0,125,0,0,1,0,0,0,0
113.199.229.4,200,106140,7,2,0,0,0,51,0,1,0,125,0,0,1,0,0,0,0
113.199.229.4,200,98868,7,2,0,0,0,54,0,1,0,125,0,0,1,0,0,0,0
113.199.229.4,200,980,7,2,0,0,0,14,0,1,0,125,0,0,1,0,0,0,0
113.199.229.4,200,475,7,2,0,1,0,15,0,1,0,125,0,0,1,1,0,1,1
113.199.229.4,200,64502,7,2,0,0,0,32,0,1,0,125,0,0,1,0,0,0,0
113.199.229.4,200,509371,7,2,0,0,0,32,0,1,0,125,0,0,1,0,0,0,0
113.199.229.4,200,74190,7,2,0,0,0,31,0,1,0,125,0,0,1,0,0,0,0
113.199.229.4,200,3,7,2,0,1,0,32,0,1,0,125,0,0,1,1,0,1,1
113.199.229.4,200,462,7,2,0,1,0,26,0,1,0,125,0,0,1,1,0,1,1
113.199.229.4,200,24,7,2,0,1,0,37,0,1,0,125,0,0,1,1,0,1,1
113.199.229.4,200,233,7,2,0,1,0,129,0,1,0,125,0,0,1,1,0,1,1
113.199.229.4,200,462,7,2,0,1,0,26,0,1,0,125,0,0,1,1,0,1,1
113.199.229.4,200,462,7,2,0,1,0,26,0,1,0,125,0,0,1,1,0,1,1
113.199.229.4,200,56,7,2,0,1,0,134,0,1,0,125,0,0,1,1,0,1,1
113.199.229.4,200,24,7,2,0,1,0,37,0,1,0,125,0,0,1,1,0,1,1
113.199.229.4,200,462,7,2,0,1,0,26,0,1,0,125,0,0,1,1,0,1,1
113.199.229.4,200,24,7,2,0,1,0,37,0,1,0,125,0,0,1,1,0,1,1
113.199.229.4,200,462,7,2,0,1,0,26,0,1,0,125,0,0,1,1,0,1,1
27.34.66.95,101,0,7,2,0,0,0,17,0,0,0,111,0,0,1,1,0,1,1
113.199.229.4,200,601,7,2,0,0,0,1,0,1,0,145,0,0,1,0,0,0,0
185.242.226.124,200,601,7,2,0,0,0,1,0,1,0,115,0,0,1,1,0,1,1
113.199.229.4,101,1024,7,2,0,0,0,17,0,0,0,125,0,0,1,1,0,1,1
27.34.66.95,101,0,7,2,0,0,0,17,0,0,0,111,0,0,1,1,0,1,1
104.250.164.109,400,666,7,2,0,0,0,19,1,0,0,101,0,0,1,0,0,1,1
104.250.164.109,200,1309,7,2,0,0,0,19,0,1,0,101,0,0,1,0,0,0,0
113.199.229.4,200,601,7,2,0,0,0,78,0,1,0,125,0,0,1,1,0,1,1
113.199.229.4,200,1427,7,2,0,0,0,29,0,1,0,125,0,0,1,0,0,0,0
113.199.229.4,200,336,7,2,0,0,0,23,0,1,0,125,0,0,1,0,0,0,0
113.199.229.4,200,586,7,2,0,0,0,22,0,1,0,125,0,0,1,0,0,0,0
113.199.229.4,200,663820,7,2,0,0,0,33,0,1,0,125,0,0,1,0,0,0,0
113.199.229.4,200,18052,7,2,0,0,0,11,0,1,0,125,0,0,1,0,0,0,0
113.199.229.4,200,2404787,7,2,0,0,0,27,0,1,0,125,0,0,1,0,0,0,0
113.199.229.4,200,2122,7,2,0,1,0,15,0,1,0,125,0,0,1,1,0,1,1
113.199.229.4,200,106140,7,2,0,0,0,51,0,1,0,125,0,0,1,0,0,0,0
113.199.229.4,200,98868,7,2,0,0,0,54,0,1,0,125,0,0,1,0,0,0,0
113.199.229.4,200,475,7,2,0,1,0,15,0,1,0,125,0,0,1,1,0,1,1
113.199.229.4,200,980,7,2,0,0,0,14,0,1,0,125,0,0,1,0,0,0,0
113.199.229.4,200,475,7,2,0,1,0,15,0,1,0,125,0,0,1,1,0,1,1
113.199.229.4,200,64502,7,2,0,0,0,32,0,1,0,125,0,0,1,0,0,0,0
113.199.229.4,200,74190,7,2,0,0,0,31,0,1,0,125,0,0,1,0,0,0,0
113.199.229.4,200,509371,7,2,0,0,0,32,0,1,0,125,0,0,1,0,0,0,0
113.199.229.4,200,3,7,2,0,1,0,34,0,1,0,125,0,0,1,1,0,1,1
113.199.229.4,200,470,7,2,0,1,0,28,0,1,0,125,0,0,1,1,0,1,1
113.199.229.4,200,24,7,2,0,1,0,39,0,1,0,125,0,0,1,1,0,1,1
113.199.229.4,200,470,7,2,0,1,0,28,0,1,0,125,0,0,1,1,0,1,1
113.199.229.4,200,470,7,2,0,1,0,28,0,1,0,125,0,0,1,1,0,1,1
113.199.229.4,101,0,7,2,0,0,0,17,0,0,0,125,0,0,1,1,0,1,1
27.34.66.95,101,0,7,2,0,0,0,17,0,0,0,111,0,0,1,1,0,1,1
113.199.229.4,200,3,7,2,0,1,0,32,0,1,0,125,0,0,1,1,0,1,1
113.199.229.4,200,462,7,2,0,1,0,26,0,1,0,125,0,0,1,1,0,1,1
113.199.229.4,200,24,7,2,0,1,0,37,0,1,0,125,0,0,1,1,0,1,1
113.199.229.4,200,647,7,2,0,1,0,68,0,1,0,125,0,0,1,1,0,1,1
113.199.229.4,200,24,7,2,0,1,0,37,0,1,0,125,0,0,1,1,0,1,1
113.199.229.4,200,462,7,2,0,1,0,26,0,1,0,125,0,0,1,1,0,1,1
113.199.229.4,200,24,7,2,0,1,0,37,0,1,0,125,0,0,1,1,0,1,1
113.199.229.4,200,233,7,2,0,1,0,129,0,1,0,125,0,0,1,1,0,1,1
113.199.229.4,200,56,7,2,0,1,0,134,0,1,0,125,0,0,1,1,0,1,1
113.199.229.4,200,56,7,2,0,1,0,134,0,1,0,125,0,0,1,1,0,1,1
113.199.229.4,200,2277009,7,2,0,0,0,27,0,1,0,125,0,0,1,0,0,0,0
113.199.229.4,200,44223,7,2,0,1,0,148,0,1,0,125,0,0,1,0,0,0,0
113.199.229.4,101,0,7,2,0,0,0,17,0,0,0,125,0,0,1,1,0,1,1
27.34.66.95,101,0,7,2,0,0,0,17,0,0,0,111,0,0,1,1,0,1,1
113.199.229.4,101,767,7,2,0,0,0,17,0,0,0,125,0,0,1,1,0,1,1
113.199.229.4,101,0,7,2,0,0,0,17,0,0,0,125,0,0,1,1,0,1,1
27.34.66.95,101,0,7,2,0,0,0,17,0,0,0,111,0,0,1,1,0,1,1
113.199.229.4,101,0,7,2,0,0,0,17,0,0,0,125,0,0,1,1,0,1,1
113.199.229.4,101,0,7,2,0,0,0,17,0,0,0,125,0,0,1,1,0,1,1
27.34.66.95,101,0,7,2,0,0,0,17,0,0,0,111,0,0,1,1,0,1,1
113.199.229.4,101,0,7,2,0,0,0,17,0,0,0,125,0,0,1,1,0,1,1
113.199.229.4,101,0,7,2,0,0,0,17,0,0,0,125,0,0,1,1,0,1,1
27.34.66.95,101,0,7,2,0,0,0,17,0,0,0,111,0,0,1,1,0,1,1
113.199.229.4,101,0,7,2,0,0,0,17,0,0,0,125,0,0,1,1,0,1,1
113.199.229.4,101,0,7,2,0,0,0,17,0,0,0,125,0,0,1,1,0,1,1
27.34.66.95,101,0,7,2,0,0,0,17,0,0,0,111,0,0,1,1,0,1,1
113.199.229.4,101,0,7,2,0,0,0,17,0,0,0,125,0,0,1,1,0,1,1
113.199.229.4,101,0,7,2,0,0,0,17,0,0,0,125,0,0,1,1,0,1,1
27.34.66.95,101,0,7,2,0,0,0,17,0,0,0,111,0,0,1,1,0,1,1
113.199.229.4,101,0,7,2,0,0,0,17,0,0,0,125,0,0,1,1,0,1,1
91.224.92.17,404,162,7,2,0,0,0,1,1,0,0,1,1,0,0,1,0,1,1
113.199.229.4,101,0,7,2,0,0,0,17,0,0,0,125,0,0,1,1,0,1,1
27.34.66.95,101,0,7,2,0,0,0,17,0,0,0,111,0,0,1,1,0,1,1
113.199.229.4,200,233,7,2,0,1,0,129,0,1,0,125,0,0,1,1,0,1,1
113.199.229.4,200,24,7,2,0,1,0,37,0,1,0,125,0,0,1,1,0,1,1
113.199.229.4,200,56,7,2,0,1,0,134,0,1,0,125,0,0,1,1,0,1,1
113.199.229.4,101,0,7,2,0,0,0,17,0,0,0,125,0,0,1,1,0,1,1
113.199.229.4,101,0,7,2,0,0,0,17,0,0,0,125,0,0,1,1,0,1,1
27.34.66.95,101,0,7,2,0,0,0,17,0,0,0,111,0,0,1,1,0,1,1
113.199.229.4,101,0,7,2,0,0,0,17,0,0,0,125,0,0,1,1,0,1,1
113.199.229.4,101,0,7,2,0,0,0,17,0,0,0,125,0,0,1,1,0,1,1
27.34.66.95,101,0,7,2,0,0,0,17,0,0,0,111,0,0,1,1,0,1,1
113.199.229.4,101,0,7,2,0,0,0,17,0,0,0,125,0,0,1,1,0,1,1
113.199.229.4,101,0,7,2,0,0,0,17,0,0,0,125,0,0,1,1,0,1,1
27.34.66.95,101,0,7,2,0,0,0,17,0,0,0,111,0,0,1,1,0,1,1
147.185.133.46,200,601,7,2,0,0,0,1,0,1,0,140,0,0,0,1,0,1,1
113.199.229.4,101,0,7,2,0,0,0,17,0,0,0,125,0,0,1,1,0,1,1
113.199.229.4,101,0,7,2,0,0,0,17,0,0,0,125,0,0,1,1,0,1,1
27.34.66.95,101,0,7,2,0,0,0,17,0,0,0,111,0,0,1,1,0,1,1
113.199.229.4,101,0,7,2,0,0,0,17,0,0,0,125,0,0,1,1,0,1,1
113.199.229.4,101,0,7,2,0,0,0,17,0,0,0,125,0,0,1,1,0,1,1
27.34.66.95,101,0,7,2,0,0,0,17,0,0,0,111,0,0,1,1,0,1,1
113.199.229.4,101,0,7,2,0,0,0,17,0,0,0,125,0,0,1,1,0,1,1
113.199.229.4,101,0,7,2,0,0,0,17,0,0,0,125,0,0,1,1,0,1,1
27.34.66.95,101,0,7,2,0,0,0,17,0,0,0,111,0,0,1,1,0,1,1
113.199.229.4,101,0,7,2,0,0,0,17,0,0,0,125,0,0,1,1,0,1,1
91.230.168.200,200,1525,7,2,0,0,0,12,0,1,0,78,0,0,1,1,0,1,1
27.34.66.95,101,0,7,2,0,0,0,17,0,0,0,111,0,0,1,1,0,1,1
113.199.229.4,101,0,7,2,0,0,0,17,0,0,0,125,0,0,1,1,0,1,1
113.199.229.4,101,0,7,2,0,0,0,17,0,0,0,125,0,0,1,1,0,1,1
27.34.66.95,101,0,7,2,0,0,0,17,0,0,0,111,0,0,1,1,0,1,1
113.199.229.4,101,0,7,2,0,0,0,17,0,0,0,125,0,0,1,1,0,1,1
113.199.229.4,101,0,7,2,0,0,0,17,0,0,0,125,0,0,1,1,0,1,1
113.199.229.4,200,601,7,2,0,0,0,78,0,1,0,125,0,0,1,0,0,0,0
113.199.229.4,200,601,7,2,0,0,0,88,0,1,0,125,0,0,1,1,0,1,1
27.34.66.95,101,0,7,2,0,0,0,17,0,0,0,111,0,0,1,1,0,1,1
113.199.229.4,101,4,7,2,0,0,0,17,0,0,0,125,0,0,1,1,0,1,1
113.199.229.4,200,336,7,2,0,0,0,23,0,1,0,125,0,0,1,0,0,0,0
113.199.229.4,200,1427,7,2,0,0,0,29,0,1,0,125,0,0,1,0,0,0,0
113.199.229.4,200,586,7,2,0,0,0,22,0,1,0,125,0,0,1,0,0,0,0
113.199.229.4,200,663820,7,2,0,0,0,33,0,1,0,125,0,0,1,0,0,0,0
113.199.229.4,200,18052,7,2,0,0,0,11,0,1,0,125,0,0,1,0,0,0,0
113.199.229.4,200,2404787,7,2,0,0,0,27,0,1,0,125,0,0,1,0,0,0,0
113.199.229.4,200,2150,7,2,0,1,0,15,0,1,0,125,0,0,1,1,0,1,1
113.199.229.4,200,16066,7,2,0,0,0,18,0,1,0,125,0,0,1,0,0,0,0
113.199.229.4,200,98868,7,2,0,0,0,54,0,1,0,125,0,0,1,0,0,0,0
113.199.229.4,200,106140,7,2,0,0,0,51,0,1,0,125,0,0,1,0,0,0,0
113.199.229.4,200,475,7,2,0,1,0,15,0,1,0,125,0,0,1,1,0,1,1
113.199.229.4,200,64502,7,2,0,0,0,32,0,1,0,125,0,0,1,0,0,0,0
113.199.229.4,200,509371,7,2,0,0,0,32,0,1,0,125,0,0,1,0,0,0,0
113.199.229.4,200,980,7,2,0,0,0,14,0,1,0,125,0,0,1,0,0,0,0
113.199.229.4,200,74190,7,2,0,0,0,31,0,1,0,125,0,0,1,0,0,0,0
113.199.229.4,200,3,7,2,0,1,0,32,0,1,0,125,0,0,1,1,0,1,1
113.199.229.4,200,462,7,2,0,1,0,26,0,1,0,125,0,0,1,1,0,1,1
113.199.229.4,200,24,7,2,0,1,0,37,0,1,0,125,0,0,1,1,0,1,1
113.199.229.4,200,233,7,2,0,1,0,129,0,1,0,125,0,0,1,1,0,1,1
113.199.229.4,200,462,7,2,0,1,0,26,0,1,0,125,0,0,1,1,0,1,1
113.199.229.4,200,56,7,2,0,1,0,134,0,1,0,125,0,0,1,1,0,1,1
113.199.229.4,200,462,7,2,0,1,0,26,0,1,0,125,0,0,1,1,0,1,1
113.199.229.4,101,0,7,2,0,0,0,17,0,0,0,125,0,0,1,1,0,1,1
113.199.229.4,404,443,7,2,0,0,0,70,1,0,0,125,0,0,1,1,0,1,1
113.199.229.4,101,0,7,2,0,0,0,17,0,0,0,125,0,0,1,1,0,1,1
113.199.229.4,200,1525,7,2,0,0,0,12,0,1,0,125,0,0,1,0,0,0,0
113.199.229.4,404,443,7,2,0,0,0,70,1,0,0,125,0,0,1,1,0,1,1
113.199.229.4,200,1525,7,2,0,0,0,12,0,1,0,125,0,0,1,0,0,0,0
113.199.229.4,200,601,7,2,0,0,0,6,0,1,0,125,0,0,1,1,0,1,1
113.199.229.4,200,336,7,2,0,0,0,23,0,1,0,125,0,0,1,0,0,0,0
113.199.229.4,200,586,7,2,0,0,0,22,0,1,0,125,0,0,1,0,0,0,0
113.199.229.4,200,1427,7,2,0,0,0,29,0,1,0,125,0,0,1,0,0,0,0
113.199.229.4,200,663820,7,2,0,0,0,33,0,1,0,125,0,0,1,0,0,0,0
113.199.229.4,200,18052,7,2,0,0,0,11,0,1,0,125,0,0,1,0,0,0,0
113.199.229.4,200,2404787,7,2,0,0,0,27,0,1,0,125,0,0,1,0,0,0,0
113.199.229.4,200,980,7,2,0,0,0,14,0,1,0,125,0,0,1,0,0,0,0
113.199.229.4,200,325914,7,2,0,0,0,59,0,1,0,125,0,0,1,0,0,0,0
113.199.229.4,200,106140,7,2,0,0,0,51,0,1,0,125,0,0,1,0,0,0,0
113.199.229.4,200,102868,7,2,0,0,0,52,0,1,0,125,0,0,1,0,0,0,0
113.199.229.4,200,98868,7,2,0,0,0,54,0,1,0,125,0,0,1,0,0,0,0
113.199.229.4,200,67,7,2,0,1,0,13,0,1,0,125,0,0,1,1,0,1,1
113.199.229.4,200,104332,7,2,0,0,0,52,0,1,0,125,0,0,1,0,0,0,0
27.34.66.95,101,0,7,2,0,0,0,17,0,0,0,111,0,0,1,1,0,1,1
113.199.229.4,206,1621489,7,2,0,0,0,46,0,1,0,125,0,0,1,0,0,0,0
113.199.229.4,206,34503,7,2,0,0,0,46,0,1,0,125,0,0,1,0,0,0,0
113.199.229.4,101,452,7,2,0,0,0,17,0,0,0,125,0,0,1,1,0,1,1
113.199.229.4,206,3770055,7,2,0,0,0,46,0,1,0,125,0,0,1,0,0,0,0
113.199.229.4,204,0,7,2,0,1,0,13,0,1,0,125,0,0,1,1,0,1,1
113.199.229.4,200,67,7,2,0,1,0,13,0,1,0,125,0,0,1,1,0,1,1
113.199.229.4,200,2146,7,2,0,1,0,15,0,1,0,125,0,0,1,1,0,1,1
113.199.229.4,200,475,7,2,0,1,0,15,0,1,0,125,0,0,1,1,0,1,1
113.199.229.4,200,475,7,2,0,1,0,15,0,1,0,125,0,0,1,1,0,1,1
113.199.229.4,200,64502,7,2,0,0,0,32,0,1,0,125,0,0,1,0,0,0,0
113.199.229.4,200,509371,7,2,0,0,0,32,0,1,0,125,0,0,1,0,0,0,0
113.199.229.4,200,74190,7,2,0,0,0,31,0,1,0,125,0,0,1,0,0,0,0
113.199.229.4,200,3,7,2,0,1,0,34,0,1,0,125,0,0,1,1,0,1,1
113.199.229.4,200,470,7,2,0,1,0,28,0,1,0,125,0,0,1,1,0,1,1
113.199.229.4,200,24,7,2,0,1,0,39,0,1,0,125,0,0,1,1,0,1,1
113.199.229.4,200,470,7,2,0,1,0,28,0,1,0,125,0,0,1,1,0,1,1
113.199.229.4,200,470,7,2,0,1,0,28,0,1,0,125,0,0,1,1,0,1,1
113.199.229.4,200,192,7,2,0,1,0,73,0,1,0,125,0,0,1,1,0,1,1
113.199.229.4,200,24,7,2,0,1,0,39,0,1,0,125,0,0,1,1,0,1,1
113.199.229.4,200,470,7,2,0,1,0,28,0,1,0,125,0,0,1,1,0,1,1
113.199.229.4,200,470,7,2,0,1,0,28,0,1,0,125,0,0,1,1,0,1,1
113.199.229.4,200,24,7,2,0,1,0,39,0,1,0,125,0,0,1,1,0,1,1
113.199.229.4,200,209,7,2,0,1,0,111,0,1,0,125,0,0,1,1,0,1,1
113.199.229.4,200,24,7,2,0,1,0,39,0,1,0,125,0,0,1,1,0,1,1
113.199.229.4,200,70,7,2,0,1,0,116,0,1,0,125,0,0,1,1,0,1,1
113.199.229.4,200,220,7,2,0,0,0,58,0,1,0,125,0,0,1,1,0,1,1
27.34.66.95,101,0,7,2,0,0,0,17,0,0,0,111,0,0,1,1,0,1,1
113.199.229.4,101,0,7,2,0,0,0,17,0,0,0,125,0,0,1,1,0,1,1
113.199.229.4,101,868,7,2,0,0,0,17,0,0,0,125,0,0,1,1,0,1,1
113.199.229.4,200,462,7,2,0,1,0,26,0,1,0,125,0,0,1,1,0,1,1
113.199.229.4,200,24,7,2,0,1,0,37,0,1,0,125,0,0,1,1,0,1,1
113.199.229.4,200,462,7,2,0,1,0,26,0,1,0,125,0,0,1,1,0,1,1
113.199.229.4,200,24,7,2,0,1,0,37,0,1,0,125,0,0,1,1,0,1,1
113.199.229.4,200,233,7,2,0,1,0,129,0,1,0,125,0,0,1,1,0,1,1
113.199.229.4,200,24,7,2,0,1,0,37,0,1,0,125,0,0,1,1,0,1,1
113.199.229.4,200,56,7,2,0,1,0,134,0,1,0,125,0,0,1,1,0,1,1
113.199.229.4,200,56,7,2,0,1,0,134,0,1,0,125,0,0,1,1,0,1,1
113.199.229.4,200,2277009,7,2,0,0,0,27,0,1,0,125,0,0,1,0,0,0,0
113.199.229.4,200,44235,7,2,0,1,0,148,0,1,0,125,0,0,1,0,0,0,0
27.34.66.95,101,0,7,2,0,0,0,17,0,0,0,111,0,0,1,1,0,1,1
113.199.229.4,101,572,7,2,0,0,0,17,0,0,0,125,0,0,1,1,0,1,1
113.199.229.4,101,0,7,2,0,0,0,17,0,0,0,125,0,0,1,1,0,1,1
113.199.229.4,200,3,7,2,0,1,0,32,0,1,0,125,0,0,1,1,0,1,1
113.199.229.4,200,462,7,2,0,1,0,26,0,1,0,125,0,0,1,1,0,1,1
113.199.229.4,200,24,7,2,0,1,0,37,0,1,0,125,0,0,1,1,0,1,1
113.199.229.4,200,462,7,2,0,1,0,26,0,1,0,125,0,0,1,1,0,1,1
113.199.229.4,200,24,7,2,0,1,0,37,0,1,0,125,0,0,1,1,0,1,1
113.199.229.4,200,233,7,2,0,1,0,129,0,1,0,125,0,0,1,1,0,1,1
113.199.229.4,200,24,7,2,0,1,0,37,0,1,0,125,0,0,1,1,0,1,1
113.199.229.4,200,56,7,2,0,1,0,134,0,1,0,125,0,0,1,1,0,1,1
27.34.66.95,101,0,7,2,0,0,0,17,0,0,0,111,0,0,1,1,0,1,1
113.199.229.4,101,0,7,2,0,0,0,17,0,0,0,125,0,0,1,1,0,1,1
113.199.229.4,101,572,7,2,0,0,0,17,0,0,0,125,0,0,1,1,0,1,1
113.199.229.4,101,0,7,2,0,0,0,17,0,0,0,125,0,0,1,1,0,1,1
27.34.66.95,101,0,7,2,0,0,0,17,0,0,0,111,0,0,1,1,0,1,1
113.199.229.4,101,0,7,2,0,0,0,17,0,0,0,125,0,0,1,1,0,1,1
113.199.229.4,200,601,7,2,0,0,0,78,0,1,0,125,0,0,1,0,0,0,0
113.199.229.4,101,0,7,2,0,0,0,17,0,0,0,125,0,0,1,1,0,1,1
113.199.229.4,101,0,7,2,0,0,0,17,0,0,0,125,0,0,1,1,0,1,1
113.199.229.4,200,601,7,2,0,0,0,78,0,1,0,125,0,0,1,0,0,0,0
113.199.229.4,200,601,7,2,0,0,0,78,0,1,0,125,0,0,1,0,0,0,0
27.34.66.95,101,0,7,2,0,0,0,17,0,0,0,111,0,0,1,1,0,1,1
113.199.229.4,101,0,7,2,0,0,0,17,0,0,0,125,0,0,1,1,0,1,1
113.199.229.4,101,0,7,2,0,0,0,17,0,0,0,125,0,0,1,1,0,1,1
113.199.229.4,101,0,7,2,0,0,0,17,0,0,0,125,0,0,1,1,0,1,1
27.34.66.95,101,0,7,2,0,0,0,17,0,0,0,111,0,0,1,1,0,1,1
113.199.229.4,101,0,7,2,0,0,0,17,0,0,0,125,0,0,1,1,0,1,1
113.199.229.4,101,0,7,2,0,0,0,17,0,0,0,125,0,0,1,1,0,1,1
113.199.229.4,101,0,7,2,0,0,0,17,0,0,0,125,0,0,1,1,0,1,1
27.34.66.95,101,0,7,2,0,0,0,17,0,0,0,111,0,0,1,1,0,1,1
113.199.229.4,101,0,7,2,0,0,0,17,0,0,0,125,0,0,1,1,0,1,1
113.199.229.4,101,0,7,2,0,0,0,17,0,0,0,125,0,0,1,1,0,1,1
113.199.229.4,101,0,7,2,0,0,0,17,0,0,0,125,0,0,1,1,0,1,1
27.34.66.95,101,0,7,2,0,0,0,17,0,0,0,111,0,0,1,1,0,1,1
113.199.229.4,101,0,7,2,0,0,0,17,0,0,0,125,0,0,1,1,0,1,1
113.199.229.4,101,0,7,2,0,0,0,17,0,0,0,125,0,0,1,1,0,1,1
113.199.229.4,101,0,7,2,0,0,0,17,0,0,0,125,0,0,1,1,0,1,1
27.34.66.95,101,0,7,2,0,0,0,17,0,0,0,111,0,0,1,1,0,1,1
113.199.229.4,101,0,7,2,0,0,0,17,0,0,0,125,0,0,1,1,0,1,1
113.199.229.4,101,0,7,2,0,0,0,17,0,0,0,125,0,0,1,1,0,1,1
113.199.229.4,101,0,7,2,0,0,0,17,0,0,0,125,0,0,1,1,0,1,1
185.242.226.124,200,21356,7,2,0,0,0,23,0,1,0,24,0,1,0,1,0,1,1
185.242.226.124,200,14906,7,2,0,0,0,18,0,1,0,24,0,1,0,1,0,1,1
185.242.226.124,200,17029,7,2,0,0,0,18,0,1,0,24,0,1,0,1,0,1,1
185.242.226.124,200,16066,7,2,0,0,0,18,0,1,0,24,0,1,0,1,0,1,1
27.34.66.95,101,0,7,2,0,0,0,17,0,0,0,111,0,0,1,1,0,1,1
113.199.229.4,101,0,7,2,0,0,0,17,0,0,0,125,0,0,1,1,0,1,1
113.199.229.4,101,0,7,2,0,0,0,17,0,0,0,125,0,0,1,1,0,1,1
27.34.66.95,101,0,7,2,0,0,0,17,0,0,0,111,0,0,1,1,0,1,1
113.199.229.4,101,0,7,2,0,0,0,17,0,0,0,125,0,0,1,1,0,1,1
113.199.229.4,101,0,7,2,0,0,0,17,0,0,0,125,0,0,1,1,0,1,1
27.34.66.95,101,0,7,2,0,0,0,17,0,0,0,111,0,0,1,1,0,1,1
113.199.229.4,101,0,7,2,0,0,0,17,0,0,0,125,0,0,1,1,0,1,1
113.199.229.4,101,0,7,2,0,0,0,17,0,0,0,125,0,0,1,1,0,1,1
27.34.66.95,101,0,7,2,0,0,0,17,0,0,0,111,0,0,1,1,0,1,1
113.199.229.4,101,0,7,2,0,0,0,17,0,0,0,125,0,0,1,1,0,1,1
113.199.229.4,101,0,7,2,0,0,0,17,0,0,0,125,0,0,1,1,0,1,1
27.34.66.95,101,0,7,2,0,0,0,17,0,0,0,111,0,0,1,1,0,1,1
113.199.229.4,101,0,7,2,0,0,0,17,0,0,0,125,0,0,1,1,0,1,1
27.34.66.95,101,0,7,2,0,0,0,17,0,0,0,111,0,0,1,1,0,1,1
113.199.229.4,101,0,7,2,0,0,0,17,0,0,0,125,0,0,1,1,0,1,1
27.34.66.95,101,0,7,2,0,0,0,17,0,0,0,111,0,0,1,1,0,1,1
113.199.229.4,101,0,7,2,0,0,0,17,0,0,0,125,0,0,1,1,0,1,1
27.34.66.95,101,0,7,2,0,0,0,17,0,0,0,111,0,0,1,1,0,1,1
113.199.229.4,101,0,7,2,0,0,0,17,0,0,0,125,0,0,1,1,0,1,1
27.34.66.95,101,0,7,2,0,0,0,17,0,0,0,111,0,0,1,1,0,1,1
113.199.229.4,101,0,7,2,0,0,0,17,0,0,0,125,0,0,1,1,0,1,1
27.34.66.95,101,0,7,2,0,0,0,17,0,0,0,111,0,0,1,1,0,1,1
113.199.229.4,101,0,7,2,0,0,0,17,0,0,0,125,0,0,1,1,0,1,1
27.34.66.95,101,0,7,2,0,0,0,17,0,0,0,111,0,0,1,1,0,1,1
113.199.229.4,101,0,7,2,0,0,0,17,0,0,0,125,0,0,1,1,0,1,1
113.199.229.4,101,0,7,2,0,0,0,17,0,0,0,125,0,0,1,1,0,1,1
27.34.66.95,101,0,7,2,0,0,0,17,0,0,0,111,0,0,1,1,0,1,1
113.199.229.4,101,0,7,2,0,0,0,17,0,0,0,125,0,0,1,1,0,1,1
113.199.229.4,101,0,7,2,0,0,0,17,0,0,0,125,0,0,1,1,0,1,1
27.34.66.95,101,0,7,2,0,0,0,17,0,0,0,111,0,0,1,1,0,1,1
113.199.229.4,101,0,7,2,0,0,0,17,0,0,0,125,0,0,1,1,0,1,1
113.199.229.4,101,0,7,2,0,0,0,17,0,0,0,125,0,0,1,1,0,1,1
27.34.66.95,101,0,7,2,0,0,0,17,0,0,0,111,0,0,1,1,0,1,1
113.199.229.4,101,0,7,2,0,0,0,17,0,0,0,125,0,0,1,1,0,1,1
113.199.229.4,101,0,7,2,0,0,0,17,0,0,0,125,0,0,1,1,0,1,1
113.199.229.4,200,601,7,2,0,0,0,88,0,1,0,125,0,0,1,1,0,1,1
113.199.229.4,101,4,7,2,0,0,0,17,0,0,0,125,0,0,1,1,0,1,1
113.199.229.4,200,1427,7,2,0,0,0,29,0,1,0,125,0,0,1,0,0,0,0
113.199.229.4,200,336,7,2,0,0,0,23,0,1,0,125,0,0,1,0,0,0,0
113.199.229.4,200,586,7,2,0,0,0,22,0,1,0,125,0,0,1,0,0,0,0
113.199.229.4,200,663820,7,2,0,0,0,33,0,1,0,125,0,0,1,0,0,0,0
113.199.229.4,200,18052,7,2,0,0,0,11,0,1,0,125,0,0,1,0,0,0,0
113.199.229.4,200,2404787,7,2,0,0,0,27,0,1,0,125,0,0,1,0,0,0,0
113.199.229.4,200,2143,7,2,0,1,0,15,0,1,0,125,0,0,1,1,0,1,1
113.199.229.4,200,16066,7,2,0,0,0,18,0,1,0,125,0,0,1,0,0,0,0
113.199.229.4,200,106140,7,2,0,0,0,51,0,1,0,125,0,0,1,0,0,0,0
113.199.229.4,200,98868,7,2,0,0,0,54,0,1,0,125,0,0,1,0,0,0,0
113.199.229.4,200,475,7,2,0,1,0,15,0,1,0,125,0,0,1,1,0,1,1
113.199.229.4,200,64502,7,2,0,0,0,32,0,1,0,125,0,0,1,0,0,0,0
113.199.229.4,200,509371,7,2,0,0,0,32,0,1,0,125,0,0,1,0,0,0,0
113.199.229.4,200,980,7,2,0,0,0,14,0,1,0,125,0,0,1,0,0,0,0
113.199.229.4,200,74190,7,2,0,0,0,31,0,1,0,125,0,0,1,0,0,0,0
113.199.229.4,200,3,7,2,0,1,0,32,0,1,0,125,0,0,1,1,0,1,1
113.199.229.4,200,24,7,2,0,1,0,37,0,1,0,125,0,0,1,1,0,1,1
113.199.229.4,200,462,7,2,0,1,0,26,0,1,0,125,0,0,1,1,0,1,1
113.199.229.4,200,233,7,2,0,1,0,129,0,1,0,125,0,0,1,1,0,1,1
113.199.229.4,200,462,7,2,0,1,0,26,0,1,0,125,0,0,1,1,0,1,1
113.199.229.4,200,56,7,2,0,1,0,134,0,1,0,125,0,0,1,1,0,1,1
113.199.229.4,200,462,7,2,0,1,0,26,0,1,0,125,0,0,1,1,0,1,1
113.199.229.4,200,24,7,2,0,1,0,37,0,1,0,125,0,0,1,1,0,1,1
113.199.229.4,200,462,7,2,0,1,0,26,0,1,0,125,0,0,1,1,0,1,1
113.199.229.4,200,24,7,2,0,1,0,37,0,1,0,125,0,0,1,1,0,1,1
113.199.229.4,200,462,7,2,0,1,0,26,0,1,0,125,0,0,1,1,0,1,1
27.34.66.95,101,0,7,2,0,0,0,17,0,0,0,111,0,0,1,1,0,1,1
113.199.229.4,200,601,7,2,0,0,0,88,0,1,0,125,0,0,1,1,0,1,1
113.199.229.4,101,0,7,2,0,0,0,17,0,0,0,125,0,0,1,1,0,1,1
113.199.229.4,200,336,7,2,0,0,0,23,0,1,0,125,0,0,1,0,0,0,0
113.199.229.4,200,586,7,2,0,0,0,22,0,1,0,125,0,0,1,0,0,0,0
113.199.229.4,200,1427,7,2,0,0,0,29,0,1,0,125,0,0,1,0,0,0,0
113.199.229.4,200,663820,7,2,0,0,0,33,0,1,0,125,0,0,1,0,0,0,0
113.199.229.4,200,18052,7,2,0,0,0,11,0,1,0,125,0,0,1,0,0,0,0
113.199.229.4,101,1284,7,2,0,0,0,17,0,0,0,125,0,0,1,1,0,1,1
113.199.229.4,200,2404787,7,2,0,0,0,27,0,1,0,125,0,0,1,0,0,0,0
113.199.229.4,200,2138,7,2,0,1,0,15,0,1,0,125,0,0,1,1,0,1,1
113.199.229.4,200,16066,7,2,0,0,0,18,0,1,0,125,0,0,1,0,0,0,0
113.199.229.4,200,980,7,2,0,0,0,14,0,1,0,125,0,0,1,0,0,0,0
113.199.229.4,200,98868,7,2,0,0,0,54,0,1,0,125,0,0,1,0,0,0,0
113.199.229.4,200,106140,7,2,0,0,0,51,0,1,0,125,0,0,1,0,0,0,0
113.199.229.4,200,475,7,2,0,1,0,15,0,1,0,125,0,0,1,1,0,1,1
113.199.229.4,200,64502,7,2,0,0,0,32,0,1,0,125,0,0,1,0,0,0,0
113.199.229.4,200,74190,7,2,0,0,0,31,0,1,0,125,0,0,1,0,0,0,0
113.199.229.4,200,509371,7,2,0,0,0,32,0,1,0,125,0,0,1,0,0,0,0
113.199.229.4,200,3,7,2,0,1,0,32,0,1,0,125,0,0,1,1,0,1,1
113.199.229.4,200,462,7,2,0,1,0,26,0,1,0,125,0,0,1,1,0,1,1
113.199.229.4,200,24,7,2,0,1,0,37,0,1,0,125,0,0,1,1,0,1,1
113.199.229.4,200,233,7,2,0,1,0,129,0,1,0,125,0,0,1,1,0,1,1
113.199.229.4,200,462,7,2,0,1,0,26,0,1,0,125,0,0,1,1,0,1,1
113.199.229.4,200,56,7,2,0,1,0,134,0,1,0,125,0,0,1,1,0,1,1
113.199.229.4,200,462,7,2,0,1,0,26,0,1,0,125,0,0,1,1,0,1,1
113.199.229.4,200,233,7,2,0,1,0,129,0,1,0,125,0,0,1,1,0,1,1
113.199.229.4,200,24,7,2,0,1,0,37,0,1,0,125,0,0,1,1,0,1,1
113.199.229.4,200,89,7,2,0,1,0,134,0,1,0,125,0,0,1,1,0,1,1
113.199.229.4,200,601,7,2,0,0,0,78,0,1,0,125,0,0,1,1,0,1,1
113.199.229.4,200,336,7,2,0,0,0,23,0,1,0,125,0,0,1,0,0,0,0
113.199.229.4,200,1427,7,2,0,0,0,29,0,1,0,125,0,0,1,0,0,0,0
113.199.229.4,200,586,7,2,0,0,0,22,0,1,0,125,0,0,1,0,0,0,0
113.199.229.4,200,663820,7,2,0,0,0,33,0,1,0,125,0,0,1,0,0,0,0
113.199.229.4,200,18052,7,2,0,0,0,11,0,1,0,125,0,0,1,0,0,0,0
27.34.66.95,101,0,7,2,0,0,0,17,0,0,0,111,0,0,1,1,0,1,1
113.199.229.4,200,2404787,7,2,0,0,0,27,0,1,0,125,0,0,1,0,0,0,0
113.199.229.4,200,2142,7,2,0,1,0,15,0,1,0,125,0,0,1,1,0,1,1
113.199.229.4,200,980,7,2,0,0,0,14,0,1,0,125,0,0,1,0,0,0,0
113.199.229.4,200,98868,7,2,0,0,0,54,0,1,0,125,0,0,1,0,0,0,0
113.199.229.4,200,106140,7,2,0,0,0,51,0,1,0,125,0,0,1,0,0,0,0
113.199.229.4,200,475,7,2,0,1,0,15,0,1,0,125,0,0,1,1,0,1,1
113.199.229.4,200,475,7,2,0,1,0,15,0,1,0,125,0,0,1,1,0,1,1
113.199.229.4,200,74190,7,2,0,0,0,31,0,1,0,125,0,0,1,0,0,0,0
113.199.229.4,200,64502,7,2,0,0,0,32,0,1,0,125,0,0,1,0,0,0,0
113.199.229.4,200,509371,7,2,0,0,0,32,0,1,0,125,0,0,1,0,0,0,0
113.199.229.4,200,3,7,2,0,1,0,34,0,1,0,125,0,0,1,1,0,1,1
113.199.229.4,200,470,7,2,0,1,0,28,0,1,0,125,0,0,1,1,0,1,1
113.199.229.4,200,24,7,2,0,1,0,39,0,1,0,125,0,0,1,1,0,1,1
113.199.229.4,200,470,7,2,0,1,0,28,0,1,0,125,0,0,1,1,0,1,1
113.199.229.4,200,470,7,2,0,1,0,28,0,1,0,125,0,0,1,1,0,1,1
113.199.229.4,200,24,7,2,0,1,0,37,0,1,0,125,0,0,1,1,0,1,1
113.199.229.4,200,233,7,2,0,1,0,129,0,1,0,125,0,0,1,1,0,1,1
113.199.229.4,200,24,7,2,0,1,0,37,0,1,0,125,0,0,1,1,0,1,1
113.199.229.4,200,89,7,2,0,1,0,134,0,1,0,125,0,0,1,1,0,1,1
113.199.229.4,101,712,7,2,0,0,0,17,0,0,0,125,0,0,1,1,0,1,1
113.199.229.4,200,24,7,2,0,1,0,37,0,1,0,125,0,0,1,1,0,1,1
113.199.229.4,200,231,7,2,0,1,0,129,0,1,0,125,0,0,1,1,0,1,1
113.199.229.4,200,56,7,2,0,1,0,134,0,1,0,125,0,0,1,1,0,1,1
27.34.66.95,101,0,7,2,0,0,0,17,0,0,0,111,0,0,1,1,0,1,1
113.199.229.4,101,195,7,2,0,0,0,17,0,0,0,125,0,0,1,1,0,1,1
113.199.229.4,101,0,7,2,0,0,0,17,0,0,0,125,0,0,1,1,0,1,1
113.199.229.4,200,24,7,2,0,1,0,37,0,1,0,125,0,0,1,1,0,1,1
113.199.229.4,200,233,7,2,0,1,0,129,0,1,0,125,0,0,1,1,0,1,1
113.199.229.4,200,89,7,2,0,1,0,134,0,1,0,125,0,0,1,1,0,1,1
27.34.66.95,101,0,7,2,0,0,0,17,0,0,0,111,0,0,1,1,0,1,1
113.199.229.4,101,0,7,2,0,0,0,17,0,0,0,125,0,0,1,1,0,1,1
113.199.229.4,101,0,7,2,0,0,0,17,0,0,0,125,0,0,1,1,0,1,1
27.34.66.95,101,0,7,2,0,0,0,17,0,0,0,111,0,0,1,1,0,1,1
113.199.229.4,101,0,7,2,0,0,0,17,0,0,0,125,0,0,1,1,0,1,1
113.199.229.4,101,0,7,2,0,0,0,17,0,0,0,125,0,0,1,1,0,1,1
113.199.229.4,101,4,7,2,0,0,0,17,0,0,0,125,0,0,1,1,0,1,1
27.34.66.95,101,0,8,2,0,0,0,17,0,0,0,111,0,0,1,1,0,1,1
113.199.229.4,101,0,8,2,0,0,0,17,0,0,0,125,0,0,1,1,0,1,1
27.34.66.95,101,0,8,2,0,0,0,17,0,0,0,111,0,0,1,1,0,1,1
113.199.229.4,101,0,8,2,0,0,0,17,0,0,0,125,0,0,1,1,0,1,1
27.34.66.95,101,0,8,2,0,0,0,17,0,0,0,111,0,0,1,1,0,1,1
113.199.229.4,101,0,8,2,0,0,0,17,0,0,0,125,0,0,1,1,0,1,1
27.34.66.95,101,0,8,2,0,0,0,17,0,0,0,111,0,0,1,1,0,1,1
113.199.229.4,101,0,8,2,0,0,0,17,0,0,0,125,0,0,1,1,0,1,1
27.34.66.95,101,0,8,2,0,0,0,17,0,0,0,111,0,0,1,1,0,1,1
113.199.229.4,101,0,8,2,0,0,0,17,0,0,0,125,0,0,1,1,0,1,1
27.34.66.95,101,0,8,2,0,0,0,17,0,0,0,111,0,0,1,1,0,1,1
113.199.229.4,101,0,8,2,0,0,0,17,0,0,0,125,0,0,1,1,0,1,1
27.34.66.95,101,0,8,2,0,0,0,17,0,0,0,111,0,0,1,1,0,1,1
113.199.229.4,101,0,8,2,0,0,0,17,0,0,0,125,0,0,1,1,0,1,1
206.168.34.88,200,601,8,2,0,0,0,1,0,1,0,70,0,0,1,1,0,1,1
206.168.34.88,200,21356,8,2,0,0,0,25,0,1,0,70,0,0,1,1,0,1,1
206.168.34.88,200,16066,8,2,0,0,0,20,0,1,0,70,0,0,1,1,0,1,1
206.168.34.88,200,17029,8,2,0,0,0,20,0,1,0,70,0,0,1,1,0,1,1
27.34.66.95,101,0,8,2,0,0,0,17,0,0,0,111,0,0,1,1,0,1,1
206.168.34.88,200,14906,8,2,0,0,0,20,0,1,0,70,0,0,1,1,0,1,1
206.168.34.88,200,1525,8,2,0,0,0,12,0,1,0,70,0,0,1,1,0,1,1
113.199.229.4,101,0,8,2,0,0,0,17,0,0,0,125,0,0,1,1,0,1,1
167.94.138.44,404,134,8,2,0,0,0,1,1,0,0,70,0,0,1,1,0,1,1
167.94.138.44,404,134,8,2,0,0,0,12,1,0,0,70,0,0,1,1,0,1,1
206.168.34.88,200,601,8,2,0,0,0,13,0,1,0,70,0,0,1,1,0,1,1
167.94.138.44,404,134,8,2,0,0,0,25,1,0,0,70,0,0,1,1,0,1,1
27.34.66.95,101,0,8,2,0,0,0,17,0,0,0,111,0,0,1,1,0,1,1
113.199.229.4,101,0,8,2,0,0,0,17,0,0,0,125,0,0,1,1,0,1,1
27.34.66.95,101,0,8,2,0,0,0,17,0,0,0,111,0,0,1,1,0,1,1
113.199.229.4,101,0,8,2,0,0,0,17,0,0,0,125,0,0,1,1,0,1,1
27.34.66.95,101,0,8,2,0,0,0,17,0,0,0,111,0,0,1,1,0,1,1
113.199.229.4,101,0,8,2,0,0,0,17,0,0,0,125,0,0,1,1,0,1,1
27.34.66.95,101,0,8,2,0,0,0,17,0,0,0,111,0,0,1,1,0,1,1
113.199.229.4,101,0,8,2,0,0,0,17,0,0,0,125,0,0,1,1,0,1,1
27.34.66.95,101,0,8,2,0,0,0,17,0,0,0,111,0,0,1,1,0,1,1
188.166.68.252,404,134,8,2,0,0,0,1,1,0,0,21,0,0,1,1,0,1,1
188.166.68.252,404,134,8,2,0,0,0,4,1,0,0,21,0,0,1,1,0,1,1
188.166.68.252,404,134,8,2,0,0,0,4,1,0,0,21,0,0,1,1,0,1,1
188.166.68.252,404,134,8,2,0,0,0,17,1,0,0,21,0,0,1,1,0,1,1
113.199.229.4,101,0,8,2,0,0,0,17,0,0,0,125,0,0,1,1,0,1,1
27.34.66.95,101,0,8,2,0,0,0,17,0,0,0,111,0,0,1,1,0,1,1
113.199.229.4,101,0,8,2,0,0,0,17,0,0,0,125,0,0,1,1,0,1,1
27.34.66.95,101,0,8,2,0,0,0,17,0,0,0,111,0,0,1,1,0,1,1
113.199.229.4,101,0,8,2,0,0,0,17,0,0,0,125,0,0,1,1,0,1,1
27.34.66.95,101,0,8,2,0,0,0,17,0,0,0,111,0,0,1,1,0,1,1
113.199.229.4,101,0,8,2,0,0,0,17,0,0,0,125,0,0,1,1,0,1,1
27.34.66.95,101,0,8,2,0,0,0,17,0,0,0,111,0,0,1,1,0,1,1
113.199.229.4,101,0,8,2,0,0,0,17,0,0,0,125,0,0,1,1,0,1,1
27.34.66.95,101,0,8,2,0,0,0,17,0,0,0,111,0,0,1,1,0,1,1
113.199.229.4,101,0,8,2,0,0,0,17,0,0,0,125,0,0,1,1,0,1,1
27.34.66.95,101,0,8,2,0,0,0,17,0,0,0,111,0,0,1,1,0,1,1
113.199.229.4,101,0,8,2,0,0,0,17,0,0,0,125,0,0,1,1,0,1,1
27.34.66.95,101,0,8,2,0,0,0,17,0,0,0,111,0,0,1,1,0,1,1
113.199.229.4,101,0,8,2,0,0,0,17,0,0,0,125,0,0,1,1,0,1,1
27.34.66.95,101,0,8,2,0,0,0,17,0,0,0,111,0,0,1,1,0,1,1
113.199.229.4,101,0,8,2,0,0,0,17,0,0,0,125,0,0,1,1,0,1,1
27.34.66.95,101,0,8,2,0,0,0,17,0,0,0,111,0,0,1,1,0,1,1
113.199.229.4,101,0,8,2,0,0,0,17,0,0,0,125,0,0,1,1,0,1,1
27.34.66.95,101,0,8,2,0,0,0,17,0,0,0,111,0,0,1,1,0,1,1
113.199.229.4,101,0,8,2,0,0,0,17,0,0,0,125,0,0,1,1,0,1,1
27.34.66.95,101,0,8,2,0,0,0,17,0,0,0,111,0,0,1,1,0,1,1
113.199.229.4,101,0,8,2,0,0,0,17,0,0,0,125,0,0,1,1,0,1,1
27.34.66.95,101,0,8,2,0,0,0,17,0,0,0,111,0,0,1,1,0,1,1
113.199.229.4,101,0,8,2,0,0,0,17,0,0,0,125,0,0,1,1,0,1,1
27.34.66.95,101,0,8,2,0,0,0,17,0,0,0,111,0,0,1,1,0,1,1
113.199.229.4,101,0,8,2,0,0,0,17,0,0,0,125,0,0,1,1,0,1,1
27.34.66.95,101,0,8,2,0,0,0,17,0,0,0,111,0,0,1,1,0,1,1
113.199.229.4,101,0,8,2,0,0,0,17,0,0,0,125,0,0,1,1,0,1,1
27.34.66.95,101,0,8,2,0,0,0,17,0,0,0,111,0,0,1,1,0,1,1
113.199.229.4,101,0,8,2,0,0,0,17,0,0,0,125,0,0,1,1,0,1,1
27.34.66.95,101,0,8,2,0,0,0,17,0,0,0,111,0,0,1,1,0,1,1
27.34.66.95,101,0,8,2,0,0,0,17,0,0,0,111,0,0,1,1,0,1,1
27.34.66.95,101,0,8,2,0,0,0,17,0,0,0,111,0,0,1,1,0,1,1
27.34.66.95,101,0,8,2,0,0,0,17,0,0,0,111,0,0,1,1,0,1,1
27.34.66.95,101,0,8,2,0,0,0,17,0,0,0,111,0,0,1,1,0,1,1
27.34.66.95,101,0,8,2,0,0,0,17,0,0,0,111,0,0,1,1,0,1,1
27.34.66.95,101,0,8,2,0,0,0,17,0,0,0,111,0,0,1,1,0,1,1
27.34.66.95,101,0,8,2,0,0,0,17,0,0,0,111,0,0,1,1,0,1,1
27.34.66.95,101,0,8,2,0,0,0,17,0,0,0,111,0,0,1,1,0,1,1
27.34.66.95,101,0,8,2,0,0,0,17,0,0,0,111,0,0,1,1,0,1,1
113.199.229.4,101,0,8,2,0,0,0,17,0,0,0,125,0,0,1,1,0,1,1
27.34.66.95,101,0,8,2,0,0,0,17,0,0,0,111,0,0,1,1,0,1,1
113.199.229.4,101,0,8,2,0,0,0,17,0,0,0,125,0,0,1,1,0,1,1
27.34.66.95,101,0,8,2,0,0,0,17,0,0,0,111,0,0,1,1,0,1,1
113.199.229.4,101,0,8,2,0,0,0,17,0,0,0,125,0,0,1,1,0,1,1
27.34.66.95,101,0,8,2,0,0,0,17,0,0,0,111,0,0,1,1,0,1,1
113.199.229.4,101,0,8,2,0,0,0,17,0,0,0,125,0,0,1,1,0,1,1
27.34.66.95,101,0,8,2,0,0,0,17,0,0,0,111,0,0,1,1,0,1,1
113.199.229.4,101,0,8,2,0,0,0,17,0,0,0,125,0,0,1,1,0,1,1
27.34.66.95,101,0,8,2,0,0,0,17,0,0,0,111,0,0,1,1,0,1,1
201.124.124.4,404,564,8,2,0,0,0,1,1,0,0,109,0,0,1,1,0,1,1
27.34.66.95,101,0,8,2,0,0,0,17,0,0,0,111,0,0,1,1,0,1,1
27.34.66.95,101,0,8,2,0,0,0,17,0,0,0,111,0,0,1,1,0,1,1
101.36.106.134,400,264,8,2,0,0,0,1,1,0,0,11,0,1,0,1,0,2,1
101.36.106.134,200,1309,8,2,0,0,0,1,0,1,0,11,0,1,0,1,0,1,1
27.34.66.95,101,0,8,2,0,0,0,17,0,0,0,111,0,0,1,1,0,1,1
45.194.70.253,200,601,8,2,0,0,0,1,0,1,0,112,0,0,1,1,0,1,1
45.194.70.253,200,16066,8,2,0,0,0,20,0,1,0,18,0,1,0,1,0,1,1
45.194.70.253,200,2404787,8,2,0,0,0,27,0,1,0,18,0,1,0,1,0,1,1
45.194.70.253,200,57,8,2,0,0,0,11,0,1,0,18,0,1,0,1,0,1,1
45.194.70.253,200,601,8,2,0,0,0,12,0,1,0,18,0,1,0,1,0,1,1
27.34.66.95,101,0,8,2,0,0,0,17,0,0,0,111,0,0,1,1,0,1,1
113.199.229.4,101,0,8,2,0,0,0,17,0,0,0,125,0,0,1,1,0,1,1
27.34.66.95,101,0,8,2,0,0,0,17,0,0,0,111,0,0,1,1,0,1,1
113.199.229.4,101,0,8,2,0,0,0,17,0,0,0,125,0,0,1,1,0,1,1
160.191.182.170,200,601,8,2,0,0,0,11,0,1,0,111,0,0,1,1,0,1,1
27.34.66.95,101,0,8,2,0,0,0,17,0,0,0,111,0,0,1,1,0,1,1
113.199.229.4,101,0,8,2,0,0,0,17,0,0,0,125,0,0,1,1,0,1,1
27.34.66.95,101,0,8,2,0,0,0,17,0,0,0,111,0,0,1,1,0,1,1
113.199.229.4,101,0,8,2,0,0,0,17,0,0,0,125,0,0,1,1,0,1,1
27.34.66.95,101,0,8,2,0,0,0,17,0,0,0,111,0,0,1,1,0,1,1
113.199.229.4,101,0,8,2,0,0,0,17,0,0,0,125,0,0,1,1,0,1,1
27.34.66.95,101,0,8,2,0,0,0,17,0,0,0,111,0,0,1,1,0,1,1
113.199.229.4,101,0,8,2,0,0,0,17,0,0,0,125,0,0,1,1,0,1,1
27.34.66.95,101,0,8,2,0,0,0,17,0,0,0,111,0,0,1,1,0,1,1
113.199.229.4,101,0,8,2,0,0,0,17,0,0,0,125,0,0,1,1,0,1,1
27.34.66.95,101,0,8,2,0,0,0,17,0,0,0,111,0,0,1,1,0,1,1
113.199.229.4,101,0,8,2,0,0,0,17,0,0,0,125,0,0,1,1,0,1,1
27.34.66.95,101,0,8,2,0,0,0,17,0,0,0,111,0,0,1,1,0,1,1
113.199.229.4,101,0,8,2,0,0,0,17,0,0,0,125,0,0,1,1,0,1,1
27.34.66.95,101,0,8,2,0,0,0,17,0,0,0,111,0,0,1,1,0,1,1
113.199.229.4,101,0,8,2,0,0,0,17,0,0,0,125,0,0,1,1,0,1,1
27.34.66.95,101,0,9,2,0,0,0,17,0,0,0,111,0,0,1,1,0,1,1
51.254.49.102,200,1309,9,2,0,0,0,1,0,1,0,78,0,0,1,1,0,1,1
113.199.229.4,101,0,9,2,0,0,0,17,0,0,0,125,0,0,1,1,0,1,1
27.34.66.95,101,0,9,2,0,0,0,17,0,0,0,111,0,0,1,1,0,1,1
113.199.229.4,101,0,9,2,0,0,0,17,0,0,0,125,0,0,1,1,0,1,1
27.34.66.95,101,0,9,2,0,0,0,17,0,0,0,111,0,0,1,1,0,1,1
113.199.229.4,101,0,9,2,0,0,0,17,0,0,0,125,0,0,1,1,0,1,1
27.34.66.95,101,0,9,2,0,0,0,17,0,0,0,111,0,0,1,1,0,1,1
3.130.96.91,400,666,9,2,0,0,0,1,1,0,0,78,0,0,1,1,0,1,1
113.199.229.4,101,0,9,2,0,0,0,17,0,0,0,125,0,0,1,1,0,1,1
27.34.66.95,101,0,9,2,0,0,0,17,0,0,0,111,0,0,1,1,0,1,1
113.199.229.4,101,0,9,2,0,0,0,17,0,0,0,125,0,0,1,1,0,1,1
27.34.66.95,101,0,9,2,0,0,0,17,0,0,0,111,0,0,1,1,0,1,1
3.130.96.91,400,666,9,2,0,0,0,1,1,0,0,78,0,0,1,1,0,1,1
113.199.229.4,101,0,9,2,0,0,0,17,0,0,0,125,0,0,1,1,0,1,1
27.34.66.95,101,0,9,2,0,0,0,17,0,0,0,111,0,0,1,1,0,1,1
113.199.229.4,101,0,9,2,0,0,0,17,0,0,0,125,0,0,1,1,0,1,1
164.52.24.188,404,564,3,1,1,0,0,1,1,0,0,111,0,0,1,1,0,1,1
3.131.215.38,404,196,3,1,1,0,0,1,1,0,0,78,0,0,1,1,0,1,1
164.52.24.188,404,196,3,1,1,0,0,1,1,0,0,111,0,0,1,1,0,1,1
164.52.24.188,404,162,3,1,1,0,0,1,1,0,0,1,1,0,0,1,0,1,1
164.52.24.188,404,564,3,1,1,0,0,12,1,0,0,111,0,0,1,1,0,1,1
164.52.24.188,404,196,3,1,1,0,0,12,1,0,0,111,0,0,1,1,0,1,1
87.121.84.45,404,162,3,1,1,0,0,1,1,0,0,70,0,0,1,1,0,1,1
205.210.31.92,404,134,3,1,1,0,0,1,1,0,0,140,0,0,0,1,0,1,1
142.214.203.108,404,134,3,1,1,0,1,24,1,0,0,76,0,0,1,0,0,1,1
104.234.115.34,301,178,3,1,1,0,0,1,0,0,1,84,0,1,1,1,0,1,1
104.234.115.34,404,134,4,1,1,0,0,1,1,0,0,84,0,1,1,1,0,2,1
185.242.226.124,400,666,4,1,1,0,0,1,1,0,0,115,0,0,1,1,0,1,1
104.234.115.34,404,134,4,1,1,0,0,21,1,0,0,84,0,1,1,1,0,2,1
104.234.115.34,404,134,4,1,1,0,1,17,1,0,0,84,0,1,1,1,0,2,1
104.234.115.34,404,134,4,1,1,0,0,11,1,0,0,84,0,1,1,1,0,2,1
103.98.38.65,301,178,4,1,1,0,0,156,0,0,1,1,1,0,0,1,0,1,1
104.234.115.34,404,134,4,1,1,0,0,19,1,0,0,84,0,1,1,1,0,2,1
104.234.115.34,404,134,4,1,1,0,0,18,1,0,0,84,0,1,1,1,0,2,1
104.234.115.34,404,134,4,1,1,0,0,10,1,0,0,84,0,1,1,1,0,2,1
91.224.92.17,404,162,4,1,1,0,0,1,1,0,0,1,1,0,0,1,0,1,1
104.234.115.34,404,134,4,1,1,0,0,11,1,0,0,84,0,1,1,1,0,2,1
196.251.87.12,404,196,4,1,1,0,0,5,1,0,0,113,0,0,1,1,0,1,1
64.62.197.107,404,134,4,1,1,0,0,1,1,0,0,117,0,0,1,1,0,1,1
104.234.115.34,404,134,4,1,1,0,0,10,1,0,0,84,0,1,1,1,0,2,1
64.62.197.107,404,196,4,1,1,0,0,7,1,0,0,101,0,0,1,1,0,1,1
64.62.197.118,404,196,4,1,1,0,0,12,1,0,0,111,0,0,1,1,0,1,1
64.62.197.107,404,134,4,1,1,0,0,15,1,0,0,117,0,0,1,1,0,1,1
104.234.115.34,404,134,4,1,1,0,0,6,1,0,0,84,0,1,1,1,0,2,1
104.234.115.34,404,134,4,1,1,0,0,15,1,0,0,84,0,1,1,1,0,2,1
91.224.92.17,404,0,5,1,1,0,0,1,1,0,0,1,1,0,0,1,0,1,1
142.214.203.108,404,134,5,1,1,0,1,24,1,0,0,76,0,0,1,0,0,1,1
104.234.115.34,404,134,5,1,1,0,0,13,1,0,0,84,0,1,1,1,0,2,1
45.153.34.225,404,196,5,1,1,0,0,16,1,0,0,130,0,0,1,1,0,1,1
104.234.115.34,404,134,5,1,1,0,1,17,1,0,0,84,0,1,1,1,0,2,1
104.234.115.34,404,134,5,1,1,0,0,5,1,0,0,84,0,1,1,1,0,2,1
104.234.115.34,404,134,5,1,1,0,0,21,1,0,0,84,0,1,1,1,0,2,1
147.185.132.137,404,134,5,1,1,0,0,1,1,0,0,140,0,0,0,1,0,1,1
91.224.92.17,404,0,5,1,1,0,0,1,1,0,0,1,1,0,0,1,0,1,1
78.153.140.149,404,196,7,1,0,0,0,5,1,0,0,116,0,0,1,1,0,1,1
167.94.138.125,400,0,7,1,0,0,0,1,1,0,0,1,1,0,0,1,0,1,1
142.214.203.108,404,134,6,1,0,0,1,24,1,0,0,76,0,0,1,0,0,1,1
45.156.87.165,404,162,7,1,0,0,0,131,1,0,0,37,0,0,1,1,0,1,1
64.225.101.76,400,0,7,1,0,0,0,1,1,0,0,80,0,0,1,1,0,1,1
205.210.31.155,301,0,7,1,0,0,0,1,0,0,1,140,0,0,0,1,0,1,1
185.91.69.5,404,564,7,1,0,0,0,1,1,0,0,114,0,0,1,1,0,1,1
196.251.81.194,404,196,7,1,0,0,0,5,1,0,0,118,0,0,1,1,0,1,1
162.142.125.37,404,134,8,1,0,0,0,1,1,0,0,70,0,0,1,1,0,1,1
91.224.92.17,404,0,8,1,0,0,0,1,1,0,0,1,1,0,0,1,0,1,1
45.82.78.114,404,134,8,1,0,0,0,12,1,0,0,80,0,0,1,1,0,1,1
167.94.138.204,404,134,8,1,0,0,0,1,1,0,0,70,0,0,1,1,0,1,1
162.142.125.123,404,134,8,1,0,0,0,1,1,0,0,70,0,0,1,1,0,1,1
206.168.34.76,404,134,8,1,0,0,0,1,1,0,0,70,0,0,1,1,0,1,1
134.209.158.48,404,196,8,1,0,0,0,1,1,0,0,101,0,0,1,1,0,1,1
91.224.92.17,404,162,8,1,0,0,0,1,1,0,0,1,1,0,0,1,0,1,1
88.210.63.22,400,666,8,1,0,0,0,13,1,0,0,101,0,0,1,0,0,1,1
119.40.84.133,404,196,8,1,0,0,0,35,1,0,0,111,0,0,1,1,0,1,1
88.210.63.22,400,666,8,1,0,0,0,13,1,0,0,101,0,0,1,0,0,1,1
167.71.49.69,404,196,8,1,0,0,0,1,1,0,0,101,0,0,1,1,0,1,1
185.177.72.12,404,134,8,1,0,0,0,10,1,0,0,1,1,0,0,1,0,1,1
185.177.72.12,404,196,8,1,0,0,0,1,1,0,0,115,0,0,1,1,0,1,1
142.214.203.108,404,134,8,1,0,0,1,24,1,0,0,76,0,0,1,0,0,1,1
3.134.148.59,400,666,8,1,0,0,0,1,1,0,0,78,0,0,1,1,0,1,1
45.156.87.165,404,162,8,1,0,0,0,131,1,0,0,37,0,0,1,1,0,1,1
142.214.203.108,404,134,8,1,0,0,1,24,1,0,0,76,0,0,1,0,0,1,1
91.224.92.17,404,162,8,1,0,0,0,1,1,0,0,1,1,0,0,1,0,1,1
87.236.176.216,200,601,8,1,0,0,0,1,0,1,0,85,0,0,1,1,0,1,1
87.236.176.185,200,14906,8,1,0,0,0,18,0,1,0,85,0,0,1,1,0,1,1
87.236.176.119,200,17029,8,1,0,0,0,18,0,1,0,85,0,0,1,1,0,1,1
87.236.176.246,200,16066,8,1,0,0,0,18,0,1,0,85,0,0,1,1,0,1,1
87.236.176.86,200,21356,8,1,0,0,0,23,0,1,0,85,0,0,1,1,0,1,1
20.245.212.151,400,264,9,1,0,0,0,1,1,0,0,20,0,0,0,1,0,1,1
71.6.199.65,404,134,9,1,0,0,0,1,1,0,0,21,0,0,1,1,0,1,1
142.214.203.108,404,134,10,1,0,0,1,24,1,0,0,76,0,0,1,0,0,1,1
27.34.66.100,404,0,10,1,0,0,0,1,1,0,0,11,0,1,0,1,0,2,1
91.224.92.17,404,162,10,1,0,0,0,1,1,0,0,1,1,0,0,1,0,1,1
142.214.203.108,404,134,10,1,0,0,1,24,1,0,0,76,0,0,1,0,0,1,1
91.224.92.17,404,0,10,1,0,0,0,1,1,0,0,1,1,0,0,1,0,1,1
87.121.84.45,404,162,10,1,0,0,0,1,1,0,0,70,0,0,1,1,0,1,1
113.199.228.199,200,601,10,1,0,0,0,6,0,1,0,125,0,0,1,1,0,1,1
113.199.228.199,200,336,10,1,0,0,0,23,0,1,0,125,0,0,1,0,0,0,0
113.199.228.199,200,1427,10,1,0,0,0,29,0,1,0,125,0,0,1,0,0,0,0
113.199.228.199,200,586,10,1,0,0,0,22,0,1,0,125,0,0,1,0,0,0,0
113.199.228.199,200,18052,10,1,0,0,0,11,0,1,0,125,0,0,1,0,0,0,0
113.199.228.199,200,663820,10,1,0,0,0,33,0,1,0,125,0,0,1,0,0,0,0
113.199.228.199,200,2404787,10,1,0,0,0,27,0,1,0,125,0,0,1,0,0,0,0
113.199.228.199,200,104332,10,1,0,0,0,52,0,1,0,125,0,0,1,0,0,0,0
113.199.228.199,200,16066,10,1,0,0,0,18,0,1,0,125,0,0,1,0,0,0,0
113.199.228.199,200,98868,10,1,0,0,0,54,0,1,0,125,0,0,1,0,0,0,0
113.199.228.199,200,102868,10,1,0,0,0,52,0,1,0,125,0,0,1,0,0,0,0
113.199.228.199,200,106140,10,1,0,0,0,51,0,1,0,125,0,0,1,0,0,0,0
113.199.228.199,200,325914,10,1,0,0,0,59,0,1,0,125,0,0,1,0,0,0,0
113.199.228.199,200,980,10,1,0,0,0,14,0,1,0,125,0,0,1,0,0,0,0
113.199.228.199,200,67,10,1,0,1,0,13,0,1,0,125,0,0,1,1,0,1,1
113.199.228.199,206,753137,10,1,0,0,0,46,0,1,0,125,0,0,1,0,0,0,0
113.199.228.199,206,34503,10,1,0,0,0,46,0,1,0,125,0,0,1,0,0,0,0
113.199.228.199,206,3802823,10,1,0,0,0,46,0,1,0,125,0,0,1,0,0,0,0
113.199.228.199,204,0,10,1,0,1,0,13,0,1,0,125,0,0,1,1,0,1,1
113.199.228.199,200,67,10,1,0,1,0,13,0,1,0,125,0,0,1,1,0,1,1
113.199.228.199,200,2121,10,1,0,1,0,15,0,1,0,125,0,0,1,1,0,1,1
113.199.228.199,200,329,10,1,0,1,0,15,0,1,0,125,0,0,1,1,0,1,1
113.199.228.199,200,329,10,1,0,1,0,15,0,1,0,125,0,0,1,1,0,1,1
113.199.228.199,200,74190,10,1,0,0,0,31,0,1,0,125,0,0,1,0,0,0,0
113.199.228.199,200,64502,10,1,0,0,0,32,0,1,0,125,0,0,1,0,0,0,0
113.199.228.199,200,509371,10,1,0,0,0,32,0,1,0,125,0,0,1,0,0,0,0
113.199.228.199,200,3,10,1,0,1,0,34,0,1,0,125,0,0,1,1,0,1,1
113.199.228.199,200,24,10,1,0,1,0,39,0,1,0,125,0,0,1,1,0,1,1
113.199.228.199,200,473,10,1,0,1,0,28,0,1,0,125,0,0,1,1,0,1,1
113.199.228.199,200,473,10,1,0,1,0,28,0,1,0,125,0,0,1,1,0,1,1
113.199.228.199,200,473,10,1,0,1,0,28,0,1,0,125,0,0,1,1,0,1,1
113.199.228.199,101,195,10,1,0,0,0,17,0,0,0,125,0,0,1,1,0,1,1
78.153.140.224,200,1309,10,1,0,0,0,5,0,1,0,138,0,0,1,1,0,1,1
78.153.140.224,404,53,10,1,0,1,0,9,1,0,0,51,0,0,1,1,0,1,1
27.34.66.100,200,601,10,1,0,0,0,9,0,1,0,111,0,0,1,1,0,1,1
27.34.66.100,200,336,10,1,0,0,0,23,0,1,0,111,0,0,1,0,0,0,0
27.34.66.100,200,586,10,1,0,0,0,22,0,1,0,111,0,0,1,0,0,0,0
27.34.66.100,200,1427,10,1,0,0,0,29,0,1,0,111,0,0,1,0,0,0,0
27.34.66.100,200,18052,10,1,0,0,0,11,0,1,0,111,0,0,1,0,0,0,0
27.34.66.100,200,663820,10,1,0,0,0,33,0,1,0,111,0,0,1,0,0,0,0
27.34.66.100,200,2404787,10,1,0,0,0,27,0,1,0,111,0,0,1,0,0,0,0
27.34.66.100,200,16066,10,1,0,0,0,18,0,1,0,111,0,0,1,0,0,0,0
27.34.66.100,200,980,10,1,0,0,0,14,0,1,0,111,0,0,1,0,0,0,0
27.34.66.100,403,65,10,1,0,1,0,15,1,0,0,111,0,0,1,1,0,1,1
27.34.66.100,200,98868,10,1,0,0,0,54,0,1,0,111,0,0,1,0,0,0,0
27.34.66.100,200,106140,10,1,0,0,0,51,0,1,0,111,0,0,1,0,0,0,0
27.34.66.100,200,325914,10,1,0,0,0,59,0,1,0,111,0,0,1,0,0,0,0
27.34.66.100,200,104332,10,1,0,0,0,52,0,1,0,111,0,0,1,0,0,0,0
27.34.66.100,200,102868,10,1,0,0,0,52,0,1,0,111,0,0,1,0,0,0,0
27.34.66.100,200,67,10,1,0,1,0,13,0,1,0,111,0,0,1,1,0,1,1
27.34.66.100,206,2915825,10,1,0,0,0,46,0,1,0,111,0,0,1,0,0,0,0
27.34.66.100,206,34503,10,1,0,0,0,46,0,1,0,111,0,0,1,0,0,0,0
27.34.66.100,206,3802823,10,1,0,0,0,46,0,1,0,111,0,0,1,0,0,0,0
27.34.66.100,204,0,10,1,0,1,0,13,0,1,0,111,0,0,1,1,0,1,1
27.34.66.100,200,67,10,1,0,1,0,13,0,1,0,111,0,0,1,1,0,1,1
113.199.228.199,101,0,10,1,0,0,0,17,0,0,0,125,0,0,1,1,0,1,1
27.34.66.100,200,2144,10,1,0,1,0,15,0,1,0,111,0,0,1,1,0,1,1
27.34.66.100,200,329,10,1,0,1,0,15,0,1,0,111,0,0,1,1,0,1,1
27.34.66.100,200,329,10,1,0,1,0,15,0,1,0,111,0,0,1,1,0,1,1
27.34.66.100,200,509371,10,1,0,0,0,32,0,1,0,111,0,0,1,0,0,0,0
27.34.66.100,200,74190,10,1,0,0,0,31,0,1,0,111,0,0,1,0,0,0,0
27.34.66.100,200,64502,10,1,0,0,0,32,0,1,0,111,0,0,1,0,0,0,0
27.34.66.100,200,3,10,1,0,1,0,34,0,1,0,111,0,0,1,1,0,1,1
27.34.66.100,200,24,10,1,0,1,0,39,0,1,0,111,0,0,1,1,0,1,1
27.34.66.100,200,473,10,1,0,1,0,28,0,1,0,111,0,0,1,1,0,1,1
27.34.66.100,200,473,10,1,0,1,0,28,0,1,0,111,0,0,1,1,0,1,1
27.34.66.100,200,473,10,1,0,1,0,28,0,1,0,111,0,0,1,1,0,1,1
113.199.228.199,101,0,10,1,0,0,0,17,0,0,0,125,0,0,1,1,0,1,1
27.34.66.100,101,195,10,1,0,0,0,17,0,0,0,111,0,0,1,1,0,1,1
113.199.228.199,101,0,10,1,0,0,0,17,0,0,0,125,0,0,1,1,0,1,1
27.34.66.100,101,0,10,1,0,0,0,17,0,0,0,111,0,0,1,1,0,1,1
113.199.228.199,101,0,10,1,0,0,0,17,0,0,0,125,0,0,1,1,0,1,1
113.199.228.199,200,21356,10,1,0,0,0,23,0,1,0,111,0,0,1,0,0,0,0
27.34.66.100,101,0,10,1,0,0,0,17,0,0,0,111,0,0,1,1,0,1,1
27.34.66.100,101,0,10,1,0,0,0,17,0,0,0,111,0,0,1,1,0,1,1
178.22.24.23,200,601,10,1,0,0,0,13,0,1,0,130,0,0,1,1,0,1,1
178.22.24.23,200,601,10,1,0,0,0,6,0,1,0,130,0,0,1,1,0,1,1
27.34.66.100,101,0,10,1,0,0,0,17,0,0,0,111,0,0,1,1,0,1,1
27.34.66.100,101,0,10,1,0,0,0,17,0,0,0,111,0,0,1,1,0,1,1
27.34.66.100,101,0,10,1,0,0,0,17,0,0,0,111,0,0,1,1,0,1,1
27.34.66.100,101,0,10,1,0,0,0,17,0,0,0,111,0,0,1,1,0,1,1
196.251.87.12,404,134,11,1,0,0,0,5,1,0,0,115,0,0,1,1,0,1,1
91.224.92.17,404,162,11,1,0,0,0,1,1,0,0,1,1,0,0,1,0,1,1
91.224.92.14,404,196,11,1,0,0,0,1,1,0,0,130,0,0,1,1,0,1,1
